ticket_id,customer_email,subject,body,created_at
L-00000,user0@example.com,Crash on export,Export fails with an error and the app crashes.,2024-08-01T00:00:00Z
L-00001,user1@example.com,Refund request,Please refund the duplicate charge on my invoice.,2024-08-02T01:00:00Z
L-00002,user2@example.com,Feature idea,It would be great to have a feature for scheduled reports.,2024-08-03T02:00:00Z
L-00003,user3@example.com,Feature idea,It would be great to have a feature for scheduled reports.,2024-08-04T03:00:00Z
L-00004,user4@example.com,Crash on export,Export fails with an error and the app crashes.,2024-08-05T04:00:00Z
L-00005,user5@example.com,Refund request,Please refund the duplicate charge on my invoice.,2024-08-06T05:00:00Z
L-00006,user6@example.com,Feature idea,It would be great to have a feature for scheduled reports.,2024-08-07T06:00:00Z
L-00007,user7@example.com,Refund request,Please refund the duplicate charge on my invoice.,2024-08-08T07:00:00Z
L-00008,user8@example.com,Cannot sign in,My password reset link is expired and I am locked out.,2024-08-09T08:00:00Z
L-00009,user9@example.com,Crash on export,Export fails with an error and the app crashes.,2024-08-10T09:00:00Z
L-00010,user10@example.com,Refund request,Please refund the duplicate charge on my invoice.,2024-08-11T10:00:00Z
L-00011,broken-email,Refund request,Please refund the duplicate charge on my invoice.,2024-08-12T11:00:00Z
L-00012,broken-email,Thanks,Great job on the latest release.,2024-08-13T12:00:00Z
L-00013,user13@example.com,Feature idea,It would be great to have a feature for scheduled reports.,2024-08-14T13:00:00Z
L-00014,user14@example.com,Feature idea,It would be great to have a feature for scheduled reports.,2024-08-15T14:00:00Z
L-00015,user15@example.com,Thanks,Great job on the latest release.,2024-08-16T15:00:00Z
L-00016,user16@example.com,Feature idea,It would be great to have a feature for scheduled reports.,2024-08-17T16:00:00Z
L-00017,user17@example.com,Thanks,Great job on the latest release.,2024-08-18T17:00:00Z
L-00018,user18@example.com,Crash on export,Export fails with an error and the app crashes.,2024-08-19T18:00:00Z
L-00019,user19@example.com,Feature idea,It would be great to have a feature for scheduled reports.,2024-08-20T19:00:00Z
L-00020,user20@example.com,Refund request,Please refund the duplicate charge on my invoice.,2024-08-21T20:00:00Z
L-00021,user21@example.com,Thanks,Great job on the latest release.,2024-08-22T21:00:00Z
L-00022,user22@example.com,Refund request,Please refund the duplicate charge on my invoice.,2024-08-23T22:00:00Z
L-00023,user23@example.com,Cannot sign in,My password reset link is expired and I am locked out.,2024-08-24T23:00:00Z
L-00024,user24@example.com,Cannot sign in,My password reset link is expired and I am locked out.,2024-08-25T00:00:00Z
L-00025,user25@example.com,Thanks,Great job on the latest release.,2024-08-26T01:00:00Z
L-00026,user26@example.com,Feature idea,It would be great to have a feature for scheduled reports.,2024-08-27T02:00:00Z
L-00027,user27@example.com,Crash on export,Export fails with an error and the app crashes.,2024-08-28T03:00:00Z
L-00028,user28@example.com,Thanks,Great job on the latest release.,2024-08-01T04:00:00Z
L-00029,user29@example.com,Feature idea,It would be great to have a feature for scheduled reports.,2024-08-02T05:00:00Z
L-00030,user30@example.com,Thanks,Great job on the latest release.,2024-08-03T06:00:00Z
L-00031,user31@example.com,Refund request,Please refund the duplicate charge on my invoice.,2024-08-04T07:00:00Z
L-00032,user32@example.com,Feature idea,It would be great to have a feature for scheduled reports.,2024-08-05T08:00:00Z
L-00033,user33@example.com,Crash on export,Export fails with an error and the app crashes.,2024-08-06T09:00:00Z
L-00034,user34@example.com,Cannot sign in,My password reset link is expired and I am locked out.,2024-08-07T10:00:00Z
L-00035,user35@example.com,Thanks,Great job on the latest release.,2024-08-08T11:00:00Z
L-00036,user36@example.com,Crash on export,Export fails with an error and the app crashes.,2024-08-09T12:00:00Z
L-00037,user37@example.com,Feature idea,It would be great to have a feature for scheduled reports.,2024-08-10T13:00:00Z
L-00038,user38@example.com,Refund request,Please refund the duplicate charge on my invoice.,2024-08-11T14:00:00Z
L-00039,user39@example.com,Cannot sign in,My password reset link is expired and I am locked out.,2024-08-12T15:00:00Z
L-00040,user40@example.com,Thanks,Great job on the latest release.,2024-08-13T16:00:00Z
L-00041,user41@example.com,Feature idea,It would be great to have a feature for scheduled reports.,2024-08-14T17:00:00Z
L-00042,user42@example.com,Crash on export,Export fails with an error and the app crashes.,2024-08-15T18:00:00Z
L-00043,user43@example.com,Refund request,Please refund the duplicate charge on my invoice.,2024-08-16T19:00:00Z
L-00044,user44@example.com,Thanks,Great job on the latest release.,2024-08-17T20:00:00Z
L-00045,user45@example.com,Thanks,Great job on the latest release.,2024-08-18T21:00:00Z
L-00046,user46@example.com,Thanks,Great job on the latest release.,2024-08-19T22:00:00Z
L-00047,user47@example.com,Thanks,Great job on the latest release.,2024-08-20T23:00:00Z
L-00048,user48@example.com,Cannot sign in,My password reset link is expired and I am locked out.,2024-08-21T00:00:00Z
L-00049,user49@example.com,Thanks,Great job on the latest release.,2024-08-22T01:00:00Z
L-00050,user50@example.com,Refund request,Please refund the duplicate charge on my invoice.,2024-08-23T02:00:00Z
L-00051,user51@example.com,Thanks,Great job on the latest release.,2024-08-24T03:00:00Z
L-00052,user52@example.com,Thanks,Great job on the latest release.,2024-08-25T04:00:00Z
L-00053,user53@example.com,Crash on export,Export fails with an error and the app crashes.,2024-08-26T05:00:00Z
L-00054,user54@example.com,Refund request,Please refund the duplicate charge on my invoice.,2024-08-27T06:00:00Z
L-00055,user55@example.com,Cannot sign in,My password reset link is expired and I am locked out.,2024-08-28T07:00:00Z
L-00056,user56@example.com,Crash on export,Export fails with an error and the app crashes.,2024-08-01T08:00:00Z
L-00057,user57@example.com,Feature idea,It would be great to have a feature for scheduled reports.,2024-08-02T09:00:00Z
L-00058,user58@example.com,Cannot sign in,My password reset link is expired and I am locked out.,2024-08-03T10:00:00Z
L-00059,user59@example.com,Refund request,Please refund the duplicate charge on my invoice.,2024-08-04T11:00:00Z
L-00060,user60@example.com,Thanks,Great job on the latest release.,2024-08-05T12:00:00Z
L-00061,user61@example.com,Cannot sign in,My password reset link is expired and I am locked out.,2024-08-06T13:00:00Z
L-00062,user62@example.com,Refund request,Please refund the duplicate charge on my invoice.,2024-08-07T14:00:00Z
L-00063,user63@example.com,Crash on export,Export fails with an error and the app crashes.,2024-08-08T15:00:00Z
L-00064,user64@example.com,Crash on export,Export fails with an error and the app crashes.,2024-08-09T16:00:00Z
L-00065,user65@example.com,Thanks,Great job on the latest release.,2024-08-10T17:00:00Z
L-00066,user66@example.com,Cannot sign in,My password reset link is expired and I am locked out.,2024-08-11T18:00:00Z
L-00067,user67@example.com,Refund request,Please refund the duplicate charge on my invoice.,2024-08-12T19:00:00Z
L-00068,user68@example.com,Refund request,Please refund the duplicate charge on my invoice.,2024-08-13T20:00:00Z
L-00069,user69@example.com,Cannot sign in,My password reset link is expired and I am locked out.,2024-08-14T21:00:00Z
L-00070,user70@example.com,Refund request,Please refund the duplicate charge on my invoice.,2024-08-15T22:00:00Z
L-00071,user71@example.com,Crash on export,Export fails with an error and the app crashes.,2024-08-16T23:00:00Z
L-00072,user72@example.com,Refund request,Please refund the duplicate charge on my invoice.,2024-08-17T00:00:00Z
L-00073,user73@example.com,Cannot sign in,My password reset link is expired and I am locked out.,2024-08-18T01:00:00Z
L-00074,user74@example.com,Crash on export,Export fails with an error and the app crashes.,2024-08-19T02:00:00Z
L-00075,user75@example.com,Cannot sign in,My password reset link is expired and I am locked out.,2024-08-20T03:00:00Z
L-00076,user76@example.com,Cannot sign in,My password reset link is expired and I am locked out.,2024-08-21T04:00:00Z
L-00077,broken-email,Refund request,Please refund the duplicate charge on my invoice.,2024-08-22T05:00:00Z
L-00078,user78@example.com,Feature idea,It would be great to have a feature for scheduled reports.,2024-08-23T06:00:00Z
L-00079,user79@example.com,Crash on export,Export fails with an error and the app crashes.,2024-08-24T07:00:00Z
L-00080,user80@example.com,Cannot sign in,My password reset link is expired and I am locked out.,2024-08-25T08:00:00Z
L-00081,user81@example.com,Thanks,Great job on the latest release.,2024-08-26T09:00:00Z
L-00082,user82@example.com,Thanks,Great job on the latest release.,2024-08-27T10:00:00Z
L-00083,user83@example.com,Refund request,Please refund the duplicate charge on my invoice.,2024-08-28T11:00:00Z
L-00084,user84@example.com,Feature idea,It would be great to have a feature for scheduled reports.,2024-08-01T12:00:00Z
L-00085,user85@example.com,Crash on export,Export fails with an error and the app crashes.,2024-08-02T13:00:00Z
L-00086,user86@example.com,Thanks,Great job on the latest release.,2024-08-03T14:00:00Z
L-00087,user87@example.com,Thanks,Great job on the latest release.,2024-08-04T15:00:00Z
L-00088,user88@example.com,Thanks,Great job on the latest release.,2024-08-05T16:00:00Z
L-00089,user89@example.com,Thanks,Great job on the latest release.,2024-08-06T17:00:00Z
L-00090,user90@example.com,Feature idea,It would be great to have a feature for scheduled reports.,2024-08-07T18:00:00Z
L-00091,user91@example.com,Cannot sign in,My password reset link is expired and I am locked out.,2024-08-08T19:00:00Z
L-00092,user92@example.com,Feature idea,It would be great to have a feature for scheduled reports.,2024-08-09T20:00:00Z
L-00093,user93@example.com,Cannot sign in,My password reset link is expired and I am locked out.,2024-08-10T21:00:00Z
L-00094,user94@example.com,Crash on export,Export fails with an error and the app crashes.,2024-08-11T22:00:00Z
L-00095,user95@example.com,Cannot sign in,My password reset link is expired and I am locked out.,2024-08-12T23:00:00Z
L-00096,user96@example.com,Refund request,Please refund the duplicate charge on my invoice.,2024-08-13T00:00:00Z
L-00097,user97@example.com,Cannot sign in,My password reset link is expired and I am locked out.,2024-08-14T01:00:00Z
L-00098,user98@example.com,Feature idea,It would be great to have a feature for scheduled reports.,2024-08-15T02:00:00Z
L-00099,broken-email,Crash on export,Export fails with an error and the app crashes.,2024-08-16T03:00:00Z
L-00100,user100@example.com,Refund request,Please refund the duplicate charge on my invoice.,2024-08-17T04:00:00Z
L-00101,user101@example.com,Crash on export,Export fails with an error and the app crashes.,2024-08-18T05:00:00Z
L-00102,user102@example.com,Thanks,Great job on the latest release.,2024-08-19T06:00:00Z
L-00103,user103@example.com,Thanks,Great job on the latest release.,2024-08-20T07:00:00Z
L-00104,user104@example.com,Feature idea,It would be great to have a feature for scheduled reports.,2024-08-21T08:00:00Z
L-00105,user105@example.com,Refund request,Please refund the duplicate charge on my invoice.,2024-08-22T09:00:00Z
L-00106,user106@example.com,Feature idea,It would be great to have a feature for scheduled reports.,2024-08-23T10:00:00Z
L-00107,user107@example.com,Feature idea,It would be great to have a feature for scheduled reports.,2024-08-24T11:00:00Z
L-00108,user108@example.com,Feature idea,It would be great to have a feature for scheduled reports.,2024-08-25T12:00:00Z
L-00109,broken-email,Feature idea,It would be great to have a feature for scheduled reports.,2024-08-26T13:00:00Z
L-00110,user110@example.com,Thanks,Great job on the latest release.,2024-08-27T14:00:00Z
L-00111,broken-email,Cannot sign in,My password reset link is expired and I am locked out.,2024-08-28T15:00:00Z
L-00112,user112@example.com,Crash on export,Export fails with an error and the app crashes.,2024-08-01T16:00:00Z
L-00113,user113@example.com,Thanks,Great job on the latest release.,2024-08-02T17:00:00Z
L-00114,user114@example.com,Cannot sign in,My password reset link is expired and I am locked out.,2024-08-03T18:00:00Z
L-00115,user115@example.com,Cannot sign in,My password reset link is expired and I am locked out.,2024-08-04T19:00:00Z
L-00116,user116@example.com,Feature idea,It would be great to have a feature for scheduled reports.,2024-08-05T20:00:00Z
L-00117,user117@example.com,Cannot sign in,My password reset link is expired and I am locked out.,2024-08-06T21:00:00Z
L-00118,user118@example.com,Thanks,Great job on the latest release.,2024-08-07T22:00:00Z
L-00119,user119@example.com,Thanks,Great job on the latest release.,2024-08-08T23:00:00Z
L-00120,user120@example.com,Refund request,Please refund the duplicate charge on my invoice.,2024-08-09T00:00:00Z
L-00121,user121@example.com,Crash on export,Export fails with an error and the app crashes.,2024-08-10T01:00:00Z
L-00122,user122@example.com,Thanks,Great job on the latest release.,2024-08-11T02:00:00Z
L-00123,user123@example.com,Cannot sign in,My password reset link is expired and I am locked out.,2024-08-12T03:00:00Z
L-00124,user124@example.com,Cannot sign in,My password reset link is expired and I am locked out.,2024-08-13T04:00:00Z
L-00125,user125@example.com,Cannot sign in,My password reset link is expired and I am locked out.,2024-08-14T05:00:00Z
L-00126,user126@example.com,Crash on export,Export fails with an error and the app crashes.,2024-08-15T06:00:00Z
L-00127,user127@example.com,Thanks,Great job on the latest release.,2024-08-16T07:00:00Z
L-00128,user128@example.com,Feature idea,It would be great to have a feature for scheduled reports.,2024-08-17T08:00:00Z
L-00129,user129@example.com,Thanks,Great job on the latest release.,2024-08-18T09:00:00Z
L-00130,user130@example.com,Cannot sign in,My password reset link is expired and I am locked out.,2024-08-19T10:00:00Z
L-00131,user131@example.com,Refund request,Please refund the duplicate charge on my invoice.,2024-08-20T11:00:00Z
L-00132,user132@example.com,Crash on export,Export fails with an error and the app crashes.,2024-08-21T12:00:00Z
L-00133,user133@example.com,Cannot sign in,My password reset link is expired and I am locked out.,2024-08-22T13:00:00Z
L-00134,user134@example.com,Thanks,Great job on the latest release.,2024-08-23T14:00:00Z
L-00135,user135@example.com,Feature idea,It would be great to have a feature for scheduled reports.,2024-08-24T15:00:00Z
L-00136,user136@example.com,Thanks,Great job on the latest release.,2024-08-25T16:00:00Z
L-00137,user137@example.com,Refund request,Please refund the duplicate charge on my invoice.,2024-08-26T17:00:00Z
L-00138,user138@example.com,Cannot sign in,My password reset link is expired and I am locked out.,2024-08-27T18:00:00Z
L-00139,user139@example.com,Thanks,Great job on the latest release.,2024-08-28T19:00:00Z
L-00140,user140@example.com,Refund request,Please refund the duplicate charge on my invoice.,2024-08-01T20:00:00Z
L-00141,user141@example.com,Cannot sign in,My password reset link is expired and I am locked out.,2024-08-02T21:00:00Z
L-00142,user142@example.com,Refund request,Please refund the duplicate charge on my invoice.,2024-08-03T22:00:00Z
L-00143,user143@example.com,Refund request,Please refund the duplicate charge on my invoice.,2024-08-04T23:00:00Z
L-00144,user144@example.com,Refund request,Please refund the duplicate charge on my invoice.,2024-08-05T00:00:00Z
L-00145,user145@example.com,Refund request,Please refund the duplicate charge on my invoice.,2024-08-06T01:00:00Z
L-00146,user146@example.com,Refund request,Please refund the duplicate charge on my invoice.,2024-08-07T02:00:00Z
L-00147,user147@example.com,Thanks,Great job on the latest release.,2024-08-08T03:00:00Z
L-00148,user148@example.com,Refund request,Please refund the duplicate charge on my invoice.,2024-08-09T04:00:00Z
L-00149,user149@example.com,Crash on export,Export fails with an error and the app crashes.,2024-08-10T05:00:00Z
L-00150,user150@example.com,Refund request,Please refund the duplicate charge on my invoice.,2024-08-11T06:00:00Z
L-00151,user151@example.com,Feature idea,It would be great to have a feature for scheduled reports.,2024-08-12T07:00:00Z
L-00152,user152@example.com,Thanks,Great job on the latest release.,2024-08-13T08:00:00Z
L-00153,user153@example.com,Cannot sign in,My password reset link is expired and I am locked out.,2024-08-14T09:00:00Z
L-00154,user154@example.com,Feature idea,It would be great to have a feature for scheduled reports.,2024-08-15T10:00:00Z
L-00155,user155@example.com,Crash on export,Export fails with an error and the app crashes.,2024-08-16T11:00:00Z
L-00156,broken-email,Refund request,Please refund the duplicate charge on my invoice.,2024-08-17T12:00:00Z
L-00157,user157@example.com,Cannot sign in,My password reset link is expired and I am locked out.,2024-08-18T13:00:00Z
L-00158,user158@example.com,Cannot sign in,My password reset link is expired and I am locked out.,2024-08-19T14:00:00Z
L-00159,user159@example.com,Cannot sign in,My password reset link is expired and I am locked out.,2024-08-20T15:00:00Z
L-00160,user160@example.com,Refund request,Please refund the duplicate charge on my invoice.,2024-08-21T16:00:00Z
L-00161,user161@example.com,Thanks,Great job on the latest release.,2024-08-22T17:00:00Z
L-00162,user162@example.com,Refund request,Please refund the duplicate charge on my invoice.,2024-08-23T18:00:00Z
L-00163,user163@example.com,Thanks,Great job on the latest release.,2024-08-24T19:00:00Z
L-00164,user164@example.com,Thanks,Great job on the latest release.,2024-08-25T20:00:00Z
L-00165,user165@example.com,Feature idea,It would be great to have a feature for scheduled reports.,2024-08-26T21:00:00Z
L-00166,user166@example.com,Cannot sign in,My password reset link is expired and I am locked out.,2024-08-27T22:00:00Z
L-00167,user167@example.com,Crash on export,Export fails with an error and the app crashes.,2024-08-28T23:00:00Z
L-00168,user168@example.com,Crash on export,Export fails with an error and the app crashes.,2024-08-01T00:00:00Z
L-00169,user169@example.com,Cannot sign in,My password reset link is expired and I am locked out.,2024-08-02T01:00:00Z
L-00170,user170@example.com,Feature idea,It would be great to have a feature for scheduled reports.,2024-08-03T02:00:00Z
L-00171,user171@example.com,Thanks,Great job on the latest release.,2024-08-04T03:00:00Z
L-00172,user172@example.com,Crash on export,Export fails with an error and the app crashes.,2024-08-05T04:00:00Z
L-00173,user173@example.com,Cannot sign in,My password reset link is expired and I am locked out.,2024-08-06T05:00:00Z
L-00174,user174@example.com,Crash on export,Export fails with an error and the app crashes.,2024-08-07T06:00:00Z
L-00175,user175@example.com,Thanks,Great job on the latest release.,2024-08-08T07:00:00Z
L-00176,user176@example.com,Cannot sign in,My password reset link is expired and I am locked out.,2024-08-09T08:00:00Z
L-00177,user177@example.com,Refund request,Please refund the duplicate charge on my invoice.,2024-08-10T09:00:00Z
L-00178,user178@example.com,Thanks,Great job on the latest release.,2024-08-11T10:00:00Z
L-00179,user179@example.com,Refund request,Please refund the duplicate charge on my invoice.,2024-08-12T11:00:00Z
L-00180,user180@example.com,Refund request,Please refund the duplicate charge on my invoice.,2024-08-13T12:00:00Z
L-00181,user181@example.com,Feature idea,It would be great to have a feature for scheduled reports.,2024-08-14T13:00:00Z
L-00182,user182@example.com,Thanks,Great job on the latest release.,2024-08-15T14:00:00Z
L-00183,broken-email,Refund request,Please refund the duplicate charge on my invoice.,2024-08-16T15:00:00Z
L-00184,user184@example.com,Refund request,Please refund the duplicate charge on my invoice.,2024-08-17T16:00:00Z
L-00185,user185@example.com,Cannot sign in,My password reset link is expired and I am locked out.,2024-08-18T17:00:00Z
L-00186,user186@example.com,Crash on export,Export fails with an error and the app crashes.,2024-08-19T18:00:00Z
L-00187,user187@example.com,Cannot sign in,My password reset link is expired and I am locked out.,2024-08-20T19:00:00Z
L-00188,user188@example.com,Crash on export,Export fails with an error and the app crashes.,2024-08-21T20:00:00Z
L-00189,user189@example.com,Crash on export,Export fails with an error and the app crashes.,2024-08-22T21:00:00Z
L-00190,user190@example.com,Cannot sign in,My password reset link is expired and I am locked out.,2024-08-23T22:00:00Z
L-00191,user191@example.com,Thanks,Great job on the latest release.,2024-08-24T23:00:00Z
L-00192,user192@example.com,Thanks,Great job on the latest release.,2024-08-25T00:00:00Z
L-00193,user193@example.com,Crash on export,Export fails with an error and the app crashes.,2024-08-26T01:00:00Z
L-00194,user194@example.com,Refund request,Please refund the duplicate charge on my invoice.,2024-08-27T02:00:00Z
L-00195,user195@example.com,Thanks,Great job on the latest release.,2024-08-28T03:00:00Z
L-00196,user196@example.com,Thanks,Great job on the latest release.,2024-08-01T04:00:00Z
L-00197,user197@example.com,Crash on export,Export fails with an error and the app crashes.,2024-08-02T05:00:00Z
L-00198,user198@example.com,Feature idea,It would be great to have a feature for scheduled reports.,2024-08-03T06:00:00Z
L-00199,user199@example.com,Refund request,Please refund the duplicate charge on my invoice.,2024-08-04T07:00:00Z
L-00200,user200@example.com,Crash on export,Export fails with an error and the app crashes.,2024-08-05T08:00:00Z
L-00201,user201@example.com,Refund request,Please refund the duplicate charge on my invoice.,2024-08-06T09:00:00Z
L-00202,user202@example.com,Feature idea,It would be great to have a feature for scheduled reports.,2024-08-07T10:00:00Z
L-00203,user203@example.com,Thanks,Great job on the latest release.,2024-08-08T11:00:00Z
L-00204,user204@example.com,Feature idea,It would be great to have a feature for scheduled reports.,2024-08-09T12:00:00Z
L-00205,broken-email,Feature idea,It would be great to have a feature for scheduled reports.,2024-08-10T13:00:00Z
L-00206,user206@example.com,Cannot sign in,My password reset link is expired and I am locked out.,2024-08-11T14:00:00Z
L-00207,broken-email,Feature idea,It would be great to have a feature for scheduled reports.,2024-08-12T15:00:00Z
L-00208,user208@example.com,Feature idea,It would be great to have a feature for scheduled reports.,2024-08-13T16:00:00Z
L-00209,user209@example.com,Refund request,Please refund the duplicate charge on my invoice.,2024-08-14T17:00:00Z
L-00210,user210@example.com,Cannot sign in,My password reset link is expired and I am locked out.,2024-08-15T18:00:00Z
L-00211,user211@example.com,Thanks,Great job on the latest release.,2024-08-16T19:00:00Z
L-00212,user212@example.com,Cannot sign in,My password reset link is expired and I am locked out.,2024-08-17T20:00:00Z
L-00213,user213@example.com,Cannot sign in,My password reset link is expired and I am locked out.,2024-08-18T21:00:00Z
L-00214,user214@example.com,Feature idea,It would be great to have a feature for scheduled reports.,2024-08-19T22:00:00Z
L-00215,user215@example.com,Refund request,Please refund the duplicate charge on my invoice.,2024-08-20T23:00:00Z
L-00216,user216@example.com,Refund request,Please refund the duplicate charge on my invoice.,2024-08-21T00:00:00Z
L-00217,user217@example.com,Cannot sign in,My password reset link is expired and I am locked out.,2024-08-22T01:00:00Z
L-00218,user218@example.com,Feature idea,It would be great to have a feature for scheduled reports.,2024-08-23T02:00:00Z
L-00219,user219@example.com,Crash on export,Export fails with an error and the app crashes.,2024-08-24T03:00:00Z
L-00220,user220@example.com,Feature idea,It would be great to have a feature for scheduled reports.,2024-08-25T04:00:00Z
L-00221,user221@example.com,Crash on export,Export fails with an error and the app crashes.,2024-08-26T05:00:00Z
L-00222,user222@example.com,Cannot sign in,My password reset link is expired and I am locked out.,2024-08-27T06:00:00Z
L-00223,user223@example.com,Cannot sign in,My password reset link is expired and I am locked out.,2024-08-28T07:00:00Z
L-00224,user224@example.com,Crash on export,Export fails with an error and the app crashes.,2024-08-01T08:00:00Z
L-00225,user225@example.com,Refund request,Please refund the duplicate charge on my invoice.,2024-08-02T09:00:00Z
L-00226,user226@example.com,Cannot sign in,My password reset link is expired and I am locked out.,2024-08-03T10:00:00Z
L-00227,user227@example.com,Crash on export,Export fails with an error and the app crashes.,2024-08-04T11:00:00Z
L-00228,user228@example.com,Cannot sign in,My password reset link is expired and I am locked out.,2024-08-05T12:00:00Z
L-00229,user229@example.com,Cannot sign in,My password reset link is expired and I am locked out.,2024-08-06T13:00:00Z
L-00230,user230@example.com,Feature idea,It would be great to have a feature for scheduled reports.,2024-08-07T14:00:00Z
L-00231,user231@example.com,Refund request,Please refund the duplicate charge on my invoice.,2024-08-08T15:00:00Z
L-00232,user232@example.com,Thanks,Great job on the latest release.,2024-08-09T16:00:00Z
L-00233,user233@example.com,Crash on export,Export fails with an error and the app crashes.,2024-08-10T17:00:00Z
L-00234,user234@example.com,Feature idea,It would be great to have a feature for scheduled reports.,2024-08-11T18:00:00Z
L-00235,user235@example.com,Thanks,Great job on the latest release.,2024-08-12T19:00:00Z
L-00236,user236@example.com,Refund request,Please refund the duplicate charge on my invoice.,2024-08-13T20:00:00Z
L-00237,user237@example.com,Feature idea,It would be great to have a feature for scheduled reports.,2024-08-14T21:00:00Z
L-00238,user238@example.com,Cannot sign in,My password reset link is expired and I am locked out.,2024-08-15T22:00:00Z
L-00239,user239@example.com,Crash on export,Export fails with an error and the app crashes.,2024-08-16T23:00:00Z
L-00240,user240@example.com,Refund request,Please refund the duplicate charge on my invoice.,2024-08-17T00:00:00Z
L-00241,user241@example.com,Refund request,Please refund the duplicate charge on my invoice.,2024-08-18T01:00:00Z
L-00242,user242@example.com,Refund request,Please refund the duplicate charge on my invoice.,2024-08-19T02:00:00Z
L-00243,user243@example.com,Refund request,Please refund the duplicate charge on my invoice.,2024-08-20T03:00:00Z
L-00244,user244@example.com,Crash on export,Export fails with an error and the app crashes.,2024-08-21T04:00:00Z
L-00245,user245@example.com,Thanks,Great job on the latest release.,2024-08-22T05:00:00Z
L-00246,user246@example.com,Refund request,Please refund the duplicate charge on my invoice.,2024-08-23T06:00:00Z
L-00247,user247@example.com,Crash on export,Export fails with an error and the app crashes.,2024-08-24T07:00:00Z
L-00248,user248@example.com,Feature idea,It would be great to have a feature for scheduled reports.,2024-08-25T08:00:00Z
L-00249,user249@example.com,Feature idea,It would be great to have a feature for scheduled reports.,2024-08-26T09:00:00Z
L-00250,user250@example.com,Cannot sign in,My password reset link is expired and I am locked out.,2024-08-27T10:00:00Z
L-00251,user251@example.com,Thanks,Great job on the latest release.,2024-08-28T11:00:00Z
L-00252,user252@example.com,Crash on export,Export fails with an error and the app crashes.,2024-08-01T12:00:00Z
L-00253,user253@example.com,Thanks,Great job on the latest release.,2024-08-02T13:00:00Z
L-00254,user254@example.com,Refund request,Please refund the duplicate charge on my invoice.,2024-08-03T14:00:00Z
L-00255,user255@example.com,Cannot sign in,My password reset link is expired and I am locked out.,2024-08-04T15:00:00Z
L-00256,broken-email,Thanks,Great job on the latest release.,2024-08-05T16:00:00Z
L-00257,user257@example.com,Crash on export,Export fails with an error and the app crashes.,2024-08-06T17:00:00Z
L-00258,broken-email,Thanks,Great job on the latest release.,2024-08-07T18:00:00Z
L-00259,user259@example.com,Thanks,Great job on the latest release.,2024-08-08T19:00:00Z
L-00260,user260@example.com,Cannot sign in,My password reset link is expired and I am locked out.,2024-08-09T20:00:00Z
L-00261,user261@example.com,Cannot sign in,My password reset link is expired and I am locked out.,2024-08-10T21:00:00Z
L-00262,user262@example.com,Crash on export,Export fails with an error and the app crashes.,2024-08-11T22:00:00Z
L-00263,user263@example.com,Thanks,Great job on the latest release.,2024-08-12T23:00:00Z
L-00264,user264@example.com,Feature idea,It would be great to have a feature for scheduled reports.,2024-08-13T00:00:00Z
L-00265,user265@example.com,Crash on export,Export fails with an error and the app crashes.,2024-08-14T01:00:00Z
L-00266,user266@example.com,Feature idea,It would be great to have a feature for scheduled reports.,2024-08-15T02:00:00Z
L-00267,user267@example.com,Refund request,Please refund the duplicate charge on my invoice.,2024-08-16T03:00:00Z
L-00268,user268@example.com,Thanks,Great job on the latest release.,2024-08-17T04:00:00Z
L-00269,user269@example.com,Crash on export,Export fails with an error and the app crashes.,2024-08-18T05:00:00Z
L-00270,user270@example.com,Refund request,Please refund the duplicate charge on my invoice.,2024-08-19T06:00:00Z
L-00271,user271@example.com,Refund request,Please refund the duplicate charge on my invoice.,2024-08-20T07:00:00Z
L-00272,user272@example.com,Refund request,Please refund the duplicate charge on my invoice.,2024-08-21T08:00:00Z
L-00273,user273@example.com,Crash on export,Export fails with an error and the app crashes.,2024-08-22T09:00:00Z
L-00274,user274@example.com,Cannot sign in,My password reset link is expired and I am locked out.,2024-08-23T10:00:00Z
L-00275,user275@example.com,Cannot sign in,My password reset link is expired and I am locked out.,2024-08-24T11:00:00Z
L-00276,user276@example.com,Cannot sign in,My password reset link is expired and I am locked out.,2024-08-25T12:00:00Z
L-00277,broken-email,Cannot sign in,My password reset link is expired and I am locked out.,2024-08-26T13:00:00Z
L-00278,user278@example.com,Feature idea,It would be great to have a feature for scheduled reports.,2024-08-27T14:00:00Z
L-00279,user279@example.com,Cannot sign in,My password reset link is expired and I am locked out.,2024-08-28T15:00:00Z
L-00280,user280@example.com,Feature idea,It would be great to have a feature for scheduled reports.,2024-08-01T16:00:00Z
L-00281,user281@example.com,Thanks,Great job on the latest release.,2024-08-02T17:00:00Z
L-00282,user282@example.com,Feature idea,It would be great to have a feature for scheduled reports.,2024-08-03T18:00:00Z
L-00283,broken-email,Thanks,Great job on the latest release.,2024-08-04T19:00:00Z
L-00284,user284@example.com,Cannot sign in,My password reset link is expired and I am locked out.,2024-08-05T20:00:00Z
L-00285,user285@example.com,Thanks,Great job on the latest release.,2024-08-06T21:00:00Z
L-00286,user286@example.com,Feature idea,It would be great to have a feature for scheduled reports.,2024-08-07T22:00:00Z
L-00287,user287@example.com,Thanks,Great job on the latest release.,2024-08-08T23:00:00Z
L-00288,user288@example.com,Cannot sign in,My password reset link is expired and I am locked out.,2024-08-09T00:00:00Z
L-00289,user289@example.com,Feature idea,It would be great to have a feature for scheduled reports.,2024-08-10T01:00:00Z
L-00290,user290@example.com,Thanks,Great job on the latest release.,2024-08-11T02:00:00Z
L-00291,broken-email,Thanks,Great job on the latest release.,2024-08-12T03:00:00Z
L-00292,user292@example.com,Feature idea,It would be great to have a feature for scheduled reports.,2024-08-13T04:00:00Z
L-00293,user293@example.com,Feature idea,It would be great to have a feature for scheduled reports.,2024-08-14T05:00:00Z
L-00294,user294@example.com,Thanks,Great job on the latest release.,2024-08-15T06:00:00Z
L-00295,user295@example.com,Refund request,Please refund the duplicate charge on my invoice.,2024-08-16T07:00:00Z
L-00296,user296@example.com,Crash on export,Export fails with an error and the app crashes.,2024-08-17T08:00:00Z
L-00297,user297@example.com,Cannot sign in,My password reset link is expired and I am locked out.,2024-08-18T09:00:00Z
L-00298,user298@example.com,Feature idea,It would be great to have a feature for scheduled reports.,2024-08-19T10:00:00Z
L-00299,user299@example.com,Crash on export,Export fails with an error and the app crashes.,2024-08-20T11:00:00Z
L-00300,user300@example.com,Feature idea,It would be great to have a feature for scheduled reports.,2024-08-21T12:00:00Z
L-00301,user301@example.com,Crash on export,Export fails with an error and the app crashes.,2024-08-22T13:00:00Z
L-00302,broken-email,Thanks,Great job on the latest release.,2024-08-23T14:00:00Z
L-00303,user303@example.com,Cannot sign in,My password reset link is expired and I am locked out.,2024-08-24T15:00:00Z
L-00304,user304@example.com,Feature idea,It would be great to have a feature for scheduled reports.,2024-08-25T16:00:00Z
L-00305,user305@example.com,Thanks,Great job on the latest release.,2024-08-26T17:00:00Z
L-00306,user306@example.com,Feature idea,It would be great to have a feature for scheduled reports.,2024-08-27T18:00:00Z
L-00307,user307@example.com,Feature idea,It would be great to have a feature for scheduled reports.,2024-08-28T19:00:00Z
L-00308,user308@example.com,Thanks,Great job on the latest release.,2024-08-01T20:00:00Z
L-00309,user309@example.com,Thanks,Great job on the latest release.,2024-08-02T21:00:00Z
L-00310,user310@example.com,Thanks,Great job on the latest release.,2024-08-03T22:00:00Z
L-00311,user311@example.com,Cannot sign in,My password reset link is expired and I am locked out.,2024-08-04T23:00:00Z
L-00312,broken-email,Feature idea,It would be great to have a feature for scheduled reports.,2024-08-05T00:00:00Z
L-00313,user313@example.com,Thanks,Great job on the latest release.,2024-08-06T01:00:00Z
L-00314,user314@example.com,Crash on export,Export fails with an error and the app crashes.,2024-08-07T02:00:00Z
L-00315,user315@example.com,Feature idea,It would be great to have a feature for scheduled reports.,2024-08-08T03:00:00Z
L-00316,user316@example.com,Cannot sign in,My password reset link is expired and I am locked out.,2024-08-09T04:00:00Z
L-00317,user317@example.com,Crash on export,Export fails with an error and the app crashes.,2024-08-10T05:00:00Z
L-00318,user318@example.com,Crash on export,Export fails with an error and the app crashes.,2024-08-11T06:00:00Z
L-00319,user319@example.com,Cannot sign in,My password reset link is expired and I am locked out.,2024-08-12T07:00:00Z
L-00320,user320@example.com,Thanks,Great job on the latest release.,2024-08-13T08:00:00Z
L-00321,user321@example.com,Feature idea,It would be great to have a feature for scheduled reports.,2024-08-14T09:00:00Z
L-00322,user322@example.com,Refund request,Please refund the duplicate charge on my invoice.,2024-08-15T10:00:00Z
L-00323,user323@example.com,Thanks,Great job on the latest release.,2024-08-16T11:00:00Z
L-00324,user324@example.com,Thanks,Great job on the latest release.,2024-08-17T12:00:00Z
L-00325,user325@example.com,Feature idea,It would be great to have a feature for scheduled reports.,2024-08-18T13:00:00Z
L-00326,user326@example.com,Crash on export,Export fails with an error and the app crashes.,2024-08-19T14:00:00Z
L-00327,user327@example.com,Cannot sign in,My password reset link is expired and I am locked out.,2024-08-20T15:00:00Z
L-00328,user328@example.com,Cannot sign in,My password reset link is expired and I am locked out.,2024-08-21T16:00:00Z
L-00329,user329@example.com,Cannot sign in,My password reset link is expired and I am locked out.,2024-08-22T17:00:00Z
L-00330,user330@example.com,Crash on export,Export fails with an error and the app crashes.,2024-08-23T18:00:00Z
L-00331,user331@example.com,Refund request,Please refund the duplicate charge on my invoice.,2024-08-24T19:00:00Z
L-00332,user332@example.com,Thanks,Great job on the latest release.,2024-08-25T20:00:00Z
L-00333,user333@example.com,Feature idea,It would be great to have a feature for scheduled reports.,2024-08-26T21:00:00Z
L-00334,user334@example.com,Crash on export,Export fails with an error and the app crashes.,2024-08-27T22:00:00Z
L-00335,user335@example.com,Crash on export,Export fails with an error and the app crashes.,2024-08-28T23:00:00Z
L-00336,user336@example.com,Crash on export,Export fails with an error and the app crashes.,2024-08-01T00:00:00Z
L-00337,user337@example.com,Thanks,Great job on the latest release.,2024-08-02T01:00:00Z
L-00338,user338@example.com,Crash on export,Export fails with an error and the app crashes.,2024-08-03T02:00:00Z
L-00339,user339@example.com,Cannot sign in,My password reset link is expired and I am locked out.,2024-08-04T03:00:00Z
L-00340,user340@example.com,Crash on export,Export fails with an error and the app crashes.,2024-08-05T04:00:00Z
L-00341,user341@example.com,Crash on export,Export fails with an error and the app crashes.,2024-08-06T05:00:00Z
L-00342,user342@example.com,Feature idea,It would be great to have a feature for scheduled reports.,2024-08-07T06:00:00Z
L-00343,user343@example.com,Feature idea,It would be great to have a feature for scheduled reports.,2024-08-08T07:00:00Z
L-00344,user344@example.com,Crash on export,Export fails with an error and the app crashes.,2024-08-09T08:00:00Z
L-00345,user345@example.com,Cannot sign in,My password reset link is expired and I am locked out.,2024-08-10T09:00:00Z
L-00346,user346@example.com,Crash on export,Export fails with an error and the app crashes.,2024-08-11T10:00:00Z
L-00347,user347@example.com,Feature idea,It would be great to have a feature for scheduled reports.,2024-08-12T11:00:00Z
L-00348,user348@example.com,Crash on export,Export fails with an error and the app crashes.,2024-08-13T12:00:00Z
L-00349,broken-email,Thanks,Great job on the latest release.,2024-08-14T13:00:00Z
L-00350,user350@example.com,Crash on export,Export fails with an error and the app crashes.,2024-08-15T14:00:00Z
L-00351,user351@example.com,Feature idea,It would be great to have a feature for scheduled reports.,2024-08-16T15:00:00Z
L-00352,user352@example.com,Thanks,Great job on the latest release.,2024-08-17T16:00:00Z
L-00353,user353@example.com,Cannot sign in,My password reset link is expired and I am locked out.,2024-08-18T17:00:00Z
L-00354,user354@example.com,Crash on export,Export fails with an error and the app crashes.,2024-08-19T18:00:00Z
L-00355,user355@example.com,Feature idea,It would be great to have a feature for scheduled reports.,2024-08-20T19:00:00Z
L-00356,user356@example.com,Feature idea,It would be great to have a feature for scheduled reports.,2024-08-21T20:00:00Z
L-00357,user357@example.com,Crash on export,Export fails with an error and the app crashes.,2024-08-22T21:00:00Z
L-00358,user358@example.com,Crash on export,Export fails with an error and the app crashes.,2024-08-23T22:00:00Z
L-00359,user359@example.com,Feature idea,It would be great to have a feature for scheduled reports.,2024-08-24T23:00:00Z
L-00360,user360@example.com,Feature idea,It would be great to have a feature for scheduled reports.,2024-08-25T00:00:00Z
L-00361,user361@example.com,Cannot sign in,My password reset link is expired and I am locked out.,2024-08-26T01:00:00Z
L-00362,user362@example.com,Thanks,Great job on the latest release.,2024-08-27T02:00:00Z
L-00363,user363@example.com,Crash on export,Export fails with an error and the app crashes.,2024-08-28T03:00:00Z
L-00364,broken-email,Refund request,Please refund the duplicate charge on my invoice.,2024-08-01T04:00:00Z
L-00365,user365@example.com,Refund request,Please refund the duplicate charge on my invoice.,2024-08-02T05:00:00Z
L-00366,user366@example.com,Cannot sign in,My password reset link is expired and I am locked out.,2024-08-03T06:00:00Z
L-00367,user367@example.com,Thanks,Great job on the latest release.,2024-08-04T07:00:00Z
L-00368,user368@example.com,Crash on export,Export fails with an error and the app crashes.,2024-08-05T08:00:00Z
L-00369,user369@example.com,Crash on export,Export fails with an error and the app crashes.,2024-08-06T09:00:00Z
L-00370,broken-email,Refund request,Please refund the duplicate charge on my invoice.,2024-08-07T10:00:00Z
L-00371,user371@example.com,Crash on export,Export fails with an error and the app crashes.,2024-08-08T11:00:00Z
L-00372,user372@example.com,Thanks,Great job on the latest release.,2024-08-09T12:00:00Z
L-00373,user373@example.com,Feature idea,It would be great to have a feature for scheduled reports.,2024-08-10T13:00:00Z
L-00374,user374@example.com,Refund request,Please refund the duplicate charge on my invoice.,2024-08-11T14:00:00Z
L-00375,user375@example.com,Cannot sign in,My password reset link is expired and I am locked out.,2024-08-12T15:00:00Z
L-00376,user376@example.com,Refund request,Please refund the duplicate charge on my invoice.,2024-08-13T16:00:00Z
L-00377,user377@example.com,Thanks,Great job on the latest release.,2024-08-14T17:00:00Z
L-00378,user378@example.com,Refund request,Please refund the duplicate charge on my invoice.,2024-08-15T18:00:00Z
L-00379,user379@example.com,Refund request,Please refund the duplicate charge on my invoice.,2024-08-16T19:00:00Z
L-00380,broken-email,Crash on export,Export fails with an error and the app crashes.,2024-08-17T20:00:00Z
L-00381,user381@example.com,Crash on export,Export fails with an error and the app crashes.,2024-08-18T21:00:00Z
L-00382,user382@example.com,Crash on export,Export fails with an error and the app crashes.,2024-08-19T22:00:00Z
L-00383,user383@example.com,Feature idea,It would be great to have a feature for scheduled reports.,2024-08-20T23:00:00Z
L-00384,user384@example.com,Cannot sign in,My password reset link is expired and I am locked out.,2024-08-21T00:00:00Z
L-00385,user385@example.com,Crash on export,Export fails with an error and the app crashes.,2024-08-22T01:00:00Z
L-00386,user386@example.com,Thanks,Great job on the latest release.,2024-08-23T02:00:00Z
L-00387,user387@example.com,Thanks,Great job on the latest release.,2024-08-24T03:00:00Z
L-00388,user388@example.com,Feature idea,It would be great to have a feature for scheduled reports.,2024-08-25T04:00:00Z
L-00389,user389@example.com,Thanks,Great job on the latest release.,2024-08-26T05:00:00Z
L-00390,user390@example.com,Refund request,Please refund the duplicate charge on my invoice.,2024-08-27T06:00:00Z
L-00391,user391@example.com,Thanks,Great job on the latest release.,2024-08-28T07:00:00Z
L-00392,user392@example.com,Crash on export,Export fails with an error and the app crashes.,2024-08-01T08:00:00Z
L-00393,user393@example.com,Thanks,Great job on the latest release.,2024-08-02T09:00:00Z
L-00394,user394@example.com,Refund request,Please refund the duplicate charge on my invoice.,2024-08-03T10:00:00Z
L-00395,user395@example.com,Thanks,Great job on the latest release.,2024-08-04T11:00:00Z
L-00396,user396@example.com,Refund request,Please refund the duplicate charge on my invoice.,2024-08-05T12:00:00Z
L-00397,user397@example.com,Refund request,Please refund the duplicate charge on my invoice.,2024-08-06T13:00:00Z
L-00398,user398@example.com,Crash on export,Export fails with an error and the app crashes.,2024-08-07T14:00:00Z
L-00399,user399@example.com,Refund request,Please refund the duplicate charge on my invoice.,2024-08-08T15:00:00Z
L-00400,user400@example.com,Refund request,Please refund the duplicate charge on my invoice.,2024-08-09T16:00:00Z
L-00401,user401@example.com,Thanks,Great job on the latest release.,2024-08-10T17:00:00Z
L-00402,user402@example.com,Cannot sign in,My password reset link is expired and I am locked out.,2024-08-11T18:00:00Z
L-00403,user403@example.com,Cannot sign in,My password reset link is expired and I am locked out.,2024-08-12T19:00:00Z
L-00404,user404@example.com,Thanks,Great job on the latest release.,2024-08-13T20:00:00Z
L-00405,user405@example.com,Crash on export,Export fails with an error and the app crashes.,2024-08-14T21:00:00Z
L-00406,broken-email,Feature idea,It would be great to have a feature for scheduled reports.,2024-08-15T22:00:00Z
L-00407,user407@example.com,Thanks,Great job on the latest release.,2024-08-16T23:00:00Z
L-00408,user408@example.com,Cannot sign in,My password reset link is expired and I am locked out.,2024-08-17T00:00:00Z
L-00409,user409@example.com,Refund request,Please refund the duplicate charge on my invoice.,2024-08-18T01:00:00Z
L-00410,user410@example.com,Feature idea,It would be great to have a feature for scheduled reports.,2024-08-19T02:00:00Z
L-00411,user411@example.com,Cannot sign in,My password reset link is expired and I am locked out.,2024-08-20T03:00:00Z
L-00412,user412@example.com,Crash on export,Export fails with an error and the app crashes.,2024-08-21T04:00:00Z
L-00413,user413@example.com,Feature idea,It would be great to have a feature for scheduled reports.,2024-08-22T05:00:00Z
L-00414,user414@example.com,Cannot sign in,My password reset link is expired and I am locked out.,2024-08-23T06:00:00Z
L-00415,user415@example.com,Crash on export,Export fails with an error and the app crashes.,2024-08-24T07:00:00Z
L-00416,user416@example.com,Crash on export,Export fails with an error and the app crashes.,2024-08-25T08:00:00Z
L-00417,user417@example.com,Cannot sign in,My password reset link is expired and I am locked out.,2024-08-26T09:00:00Z
L-00418,user418@example.com,Feature idea,It would be great to have a feature for scheduled reports.,2024-08-27T10:00:00Z
L-00419,user419@example.com,Thanks,Great job on the latest release.,2024-08-28T11:00:00Z
L-00420,user420@example.com,Crash on export,Export fails with an error and the app crashes.,2024-08-01T12:00:00Z
L-00421,user421@example.com,Feature idea,It would be great to have a feature for scheduled reports.,2024-08-02T13:00:00Z
L-00422,user422@example.com,Thanks,Great job on the latest release.,2024-08-03T14:00:00Z
L-00423,user423@example.com,Thanks,Great job on the latest release.,2024-08-04T15:00:00Z
L-00424,user424@example.com,Thanks,Great job on the latest release.,2024-08-05T16:00:00Z
L-00425,user425@example.com,Cannot sign in,My password reset link is expired and I am locked out.,2024-08-06T17:00:00Z
L-00426,user426@example.com,Crash on export,Export fails with an error and the app crashes.,2024-08-07T18:00:00Z
L-00427,user427@example.com,Thanks,Great job on the latest release.,2024-08-08T19:00:00Z
L-00428,user428@example.com,Feature idea,It would be great to have a feature for scheduled reports.,2024-08-09T20:00:00Z
L-00429,user429@example.com,Thanks,Great job on the latest release.,2024-08-10T21:00:00Z
L-00430,user430@example.com,Cannot sign in,My password reset link is expired and I am locked out.,2024-08-11T22:00:00Z
L-00431,user431@example.com,Thanks,Great job on the latest release.,2024-08-12T23:00:00Z
L-00432,user432@example.com,Cannot sign in,My password reset link is expired and I am locked out.,2024-08-13T00:00:00Z
L-00433,user433@example.com,Cannot sign in,My password reset link is expired and I am locked out.,2024-08-14T01:00:00Z
L-00434,user434@example.com,Thanks,Great job on the latest release.,2024-08-15T02:00:00Z
L-00435,user435@example.com,Thanks,Great job on the latest release.,2024-08-16T03:00:00Z
L-00436,user436@example.com,Cannot sign in,My password reset link is expired and I am locked out.,2024-08-17T04:00:00Z
L-00437,user437@example.com,Cannot sign in,My password reset link is expired and I am locked out.,2024-08-18T05:00:00Z
L-00438,user438@example.com,Thanks,Great job on the latest release.,2024-08-19T06:00:00Z
L-00439,user439@example.com,Cannot sign in,My password reset link is expired and I am locked out.,2024-08-20T07:00:00Z
L-00440,user440@example.com,Cannot sign in,My password reset link is expired and I am locked out.,2024-08-21T08:00:00Z
L-00441,user441@example.com,Feature idea,It would be great to have a feature for scheduled reports.,2024-08-22T09:00:00Z
L-00442,user442@example.com,Refund request,Please refund the duplicate charge on my invoice.,2024-08-23T10:00:00Z
L-00443,user443@example.com,Refund request,Please refund the duplicate charge on my invoice.,2024-08-24T11:00:00Z
L-00444,user444@example.com,Thanks,Great job on the latest release.,2024-08-25T12:00:00Z
L-00445,user445@example.com,Cannot sign in,My password reset link is expired and I am locked out.,2024-08-26T13:00:00Z
L-00446,user446@example.com,Thanks,Great job on the latest release.,2024-08-27T14:00:00Z
L-00447,user447@example.com,Cannot sign in,My password reset link is expired and I am locked out.,2024-08-28T15:00:00Z
L-00448,user448@example.com,Cannot sign in,My password reset link is expired and I am locked out.,2024-08-01T16:00:00Z
L-00449,user449@example.com,Feature idea,It would be great to have a feature for scheduled reports.,2024-08-02T17:00:00Z
L-00450,user450@example.com,Cannot sign in,My password reset link is expired and I am locked out.,2024-08-03T18:00:00Z
L-00451,broken-email,Crash on export,Export fails with an error and the app crashes.,2024-08-04T19:00:00Z
L-00452,user452@example.com,Cannot sign in,My password reset link is expired and I am locked out.,2024-08-05T20:00:00Z
L-00453,user453@example.com,Thanks,Great job on the latest release.,2024-08-06T21:00:00Z
L-00454,user454@example.com,Refund request,Please refund the duplicate charge on my invoice.,2024-08-07T22:00:00Z
L-00455,user455@example.com,Feature idea,It would be great to have a feature for scheduled reports.,2024-08-08T23:00:00Z
L-00456,user456@example.com,Thanks,Great job on the latest release.,2024-08-09T00:00:00Z
L-00457,user457@example.com,Refund request,Please refund the duplicate charge on my invoice.,2024-08-10T01:00:00Z
L-00458,user458@example.com,Cannot sign in,My password reset link is expired and I am locked out.,2024-08-11T02:00:00Z
L-00459,user459@example.com,Crash on export,Export fails with an error and the app crashes.,2024-08-12T03:00:00Z
L-00460,user460@example.com,Thanks,Great job on the latest release.,2024-08-13T04:00:00Z
L-00461,user461@example.com,Refund request,Please refund the duplicate charge on my invoice.,2024-08-14T05:00:00Z
L-00462,user462@example.com,Crash on export,Export fails with an error and the app crashes.,2024-08-15T06:00:00Z
L-00463,user463@example.com,Crash on export,Export fails with an error and the app crashes.,2024-08-16T07:00:00Z
L-00464,broken-email,Feature idea,It would be great to have a feature for scheduled reports.,2024-08-17T08:00:00Z
L-00465,user465@example.com,Cannot sign in,My password reset link is expired and I am locked out.,2024-08-18T09:00:00Z
L-00466,user466@example.com,Feature idea,It would be great to have a feature for scheduled reports.,2024-08-19T10:00:00Z
L-00467,user467@example.com,Cannot sign in,My password reset link is expired and I am locked out.,2024-08-20T11:00:00Z
L-00468,user468@example.com,Crash on export,Export fails with an error and the app crashes.,2024-08-21T12:00:00Z
L-00469,user469@example.com,Crash on export,Export fails with an error and the app crashes.,2024-08-22T13:00:00Z
L-00470,user470@example.com,Cannot sign in,My password reset link is expired and I am locked out.,2024-08-23T14:00:00Z
L-00471,user471@example.com,Crash on export,Export fails with an error and the app crashes.,2024-08-24T15:00:00Z
L-00472,user472@example.com,Refund request,Please refund the duplicate charge on my invoice.,2024-08-25T16:00:00Z
L-00473,user473@example.com,Cannot sign in,My password reset link is expired and I am locked out.,2024-08-26T17:00:00Z
L-00474,user474@example.com,Refund request,Please refund the duplicate charge on my invoice.,2024-08-27T18:00:00Z
L-00475,user475@example.com,Feature idea,It would be great to have a feature for scheduled reports.,2024-08-28T19:00:00Z
L-00476,user476@example.com,Feature idea,It would be great to have a feature for scheduled reports.,2024-08-01T20:00:00Z
L-00477,user477@example.com,Thanks,Great job on the latest release.,2024-08-02T21:00:00Z
L-00478,user478@example.com,Thanks,Great job on the latest release.,2024-08-03T22:00:00Z
L-00479,user479@example.com,Refund request,Please refund the duplicate charge on my invoice.,2024-08-04T23:00:00Z
L-00480,broken-email,Feature idea,It would be great to have a feature for scheduled reports.,2024-08-05T00:00:00Z
L-00481,user481@example.com,Cannot sign in,My password reset link is expired and I am locked out.,2024-08-06T01:00:00Z
L-00482,user482@example.com,Refund request,Please refund the duplicate charge on my invoice.,2024-08-07T02:00:00Z
L-00483,user483@example.com,Cannot sign in,My password reset link is expired and I am locked out.,2024-08-08T03:00:00Z
L-00484,user484@example.com,Cannot sign in,My password reset link is expired and I am locked out.,2024-08-09T04:00:00Z
L-00485,user485@example.com,Thanks,Great job on the latest release.,2024-08-10T05:00:00Z
L-00486,user486@example.com,Thanks,Great job on the latest release.,2024-08-11T06:00:00Z
L-00487,user487@example.com,Feature idea,It would be great to have a feature for scheduled reports.,2024-08-12T07:00:00Z
L-00488,user488@example.com,Thanks,Great job on the latest release.,2024-08-13T08:00:00Z
L-00489,user489@example.com,Thanks,Great job on the latest release.,2024-08-14T09:00:00Z
L-00490,user490@example.com,Cannot sign in,My password reset link is expired and I am locked out.,2024-08-15T10:00:00Z
L-00491,user491@example.com,Feature idea,It would be great to have a feature for scheduled reports.,2024-08-16T11:00:00Z
L-00492,user492@example.com,Thanks,Great job on the latest release.,2024-08-17T12:00:00Z
L-00493,user493@example.com,Crash on export,Export fails with an error and the app crashes.,2024-08-18T13:00:00Z
L-00494,user494@example.com,Refund request,Please refund the duplicate charge on my invoice.,2024-08-19T14:00:00Z
L-00495,user495@example.com,Thanks,Great job on the latest release.,2024-08-20T15:00:00Z
L-00496,user496@example.com,Feature idea,It would be great to have a feature for scheduled reports.,2024-08-21T16:00:00Z
L-00497,user497@example.com,Refund request,Please refund the duplicate charge on my invoice.,2024-08-22T17:00:00Z
L-00498,user498@example.com,Refund request,Please refund the duplicate charge on my invoice.,2024-08-23T18:00:00Z
L-00499,user499@example.com,Feature idea,It would be great to have a feature for scheduled reports.,2024-08-24T19:00:00Z
L-00500,user500@example.com,Cannot sign in,My password reset link is expired and I am locked out.,2024-08-25T20:00:00Z
L-00501,user501@example.com,Cannot sign in,My password reset link is expired and I am locked out.,2024-08-26T21:00:00Z
L-00502,user502@example.com,Feature idea,It would be great to have a feature for scheduled reports.,2024-08-27T22:00:00Z
L-00503,user503@example.com,Feature idea,It would be great to have a feature for scheduled reports.,2024-08-28T23:00:00Z
L-00504,user504@example.com,Refund request,Please refund the duplicate charge on my invoice.,2024-08-01T00:00:00Z
L-00505,user505@example.com,Crash on export,Export fails with an error and the app crashes.,2024-08-02T01:00:00Z
L-00506,user506@example.com,Refund request,Please refund the duplicate charge on my invoice.,2024-08-03T02:00:00Z
L-00507,user507@example.com,Cannot sign in,My password reset link is expired and I am locked out.,2024-08-04T03:00:00Z
L-00508,user508@example.com,Crash on export,Export fails with an error and the app crashes.,2024-08-05T04:00:00Z
L-00509,user509@example.com,Cannot sign in,My password reset link is expired and I am locked out.,2024-08-06T05:00:00Z
L-00510,user510@example.com,Feature idea,It would be great to have a feature for scheduled reports.,2024-08-07T06:00:00Z
L-00511,user511@example.com,Thanks,Great job on the latest release.,2024-08-08T07:00:00Z
L-00512,user512@example.com,Feature idea,It would be great to have a feature for scheduled reports.,2024-08-09T08:00:00Z
L-00513,user513@example.com,Feature idea,It would be great to have a feature for scheduled reports.,2024-08-10T09:00:00Z
L-00514,user514@example.com,Feature idea,It would be great to have a feature for scheduled reports.,2024-08-11T10:00:00Z
L-00515,user515@example.com,Feature idea,It would be great to have a feature for scheduled reports.,2024-08-12T11:00:00Z
L-00516,user516@example.com,Feature idea,It would be great to have a feature for scheduled reports.,2024-08-13T12:00:00Z
L-00517,user517@example.com,Refund request,Please refund the duplicate charge on my invoice.,2024-08-14T13:00:00Z
L-00518,user518@example.com,Crash on export,Export fails with an error and the app crashes.,2024-08-15T14:00:00Z
L-00519,user519@example.com,Crash on export,Export fails with an error and the app crashes.,2024-08-16T15:00:00Z
L-00520,user520@example.com,Refund request,Please refund the duplicate charge on my invoice.,2024-08-17T16:00:00Z
L-00521,user521@example.com,Feature idea,It would be great to have a feature for scheduled reports.,2024-08-18T17:00:00Z
L-00522,user522@example.com,Refund request,Please refund the duplicate charge on my invoice.,2024-08-19T18:00:00Z
L-00523,user523@example.com,Crash on export,Export fails with an error and the app crashes.,2024-08-20T19:00:00Z
L-00524,user524@example.com,Refund request,Please refund the duplicate charge on my invoice.,2024-08-21T20:00:00Z
L-00525,user525@example.com,Refund request,Please refund the duplicate charge on my invoice.,2024-08-22T21:00:00Z
L-00526,user526@example.com,Thanks,Great job on the latest release.,2024-08-23T22:00:00Z
L-00527,user527@example.com,Refund request,Please refund the duplicate charge on my invoice.,2024-08-24T23:00:00Z
L-00528,user528@example.com,Refund request,Please refund the duplicate charge on my invoice.,2024-08-25T00:00:00Z
L-00529,user529@example.com,Feature idea,It would be great to have a feature for scheduled reports.,2024-08-26T01:00:00Z
L-00530,user530@example.com,Refund request,Please refund the duplicate charge on my invoice.,2024-08-27T02:00:00Z
L-00531,user531@example.com,Cannot sign in,My password reset link is expired and I am locked out.,2024-08-28T03:00:00Z
L-00532,user532@example.com,Refund request,Please refund the duplicate charge on my invoice.,2024-08-01T04:00:00Z
L-00533,user533@example.com,Refund request,Please refund the duplicate charge on my invoice.,2024-08-02T05:00:00Z
L-00534,user534@example.com,Refund request,Please refund the duplicate charge on my invoice.,2024-08-03T06:00:00Z
L-00535,user535@example.com,Cannot sign in,My password reset link is expired and I am locked out.,2024-08-04T07:00:00Z
L-00536,user536@example.com,Feature idea,It would be great to have a feature for scheduled reports.,2024-08-05T08:00:00Z
L-00537,user537@example.com,Refund request,Please refund the duplicate charge on my invoice.,2024-08-06T09:00:00Z
L-00538,user538@example.com,Feature idea,It would be great to have a feature for scheduled reports.,2024-08-07T10:00:00Z
L-00539,user539@example.com,Feature idea,It would be great to have a feature for scheduled reports.,2024-08-08T11:00:00Z
L-00540,user540@example.com,Crash on export,Export fails with an error and the app crashes.,2024-08-09T12:00:00Z
L-00541,user541@example.com,Cannot sign in,My password reset link is expired and I am locked out.,2024-08-10T13:00:00Z
L-00542,user542@example.com,Thanks,Great job on the latest release.,2024-08-11T14:00:00Z
L-00543,user543@example.com,Feature idea,It would be great to have a feature for scheduled reports.,2024-08-12T15:00:00Z
L-00544,user544@example.com,Thanks,Great job on the latest release.,2024-08-13T16:00:00Z
L-00545,user545@example.com,Thanks,Great job on the latest release.,2024-08-14T17:00:00Z
L-00546,user546@example.com,Feature idea,It would be great to have a feature for scheduled reports.,2024-08-15T18:00:00Z
L-00547,user547@example.com,Cannot sign in,My password reset link is expired and I am locked out.,2024-08-16T19:00:00Z
L-00548,user548@example.com,Cannot sign in,My password reset link is expired and I am locked out.,2024-08-17T20:00:00Z
L-00549,user549@example.com,Feature idea,It would be great to have a feature for scheduled reports.,2024-08-18T21:00:00Z
L-00550,user550@example.com,Refund request,Please refund the duplicate charge on my invoice.,2024-08-19T22:00:00Z
L-00551,user551@example.com,Cannot sign in,My password reset link is expired and I am locked out.,2024-08-20T23:00:00Z
L-00552,user552@example.com,Crash on export,Export fails with an error and the app crashes.,2024-08-21T00:00:00Z
L-00553,user553@example.com,Crash on export,Export fails with an error and the app crashes.,2024-08-22T01:00:00Z
L-00554,user554@example.com,Feature idea,It would be great to have a feature for scheduled reports.,2024-08-23T02:00:00Z
L-00555,user555@example.com,Thanks,Great job on the latest release.,2024-08-24T03:00:00Z
L-00556,user556@example.com,Refund request,Please refund the duplicate charge on my invoice.,2024-08-25T04:00:00Z
L-00557,user557@example.com,Thanks,Great job on the latest release.,2024-08-26T05:00:00Z
L-00558,user558@example.com,Feature idea,It would be great to have a feature for scheduled reports.,2024-08-27T06:00:00Z
L-00559,user559@example.com,Feature idea,It would be great to have a feature for scheduled reports.,2024-08-28T07:00:00Z
L-00560,user560@example.com,Cannot sign in,My password reset link is expired and I am locked out.,2024-08-01T08:00:00Z
L-00561,user561@example.com,Feature idea,It would be great to have a feature for scheduled reports.,2024-08-02T09:00:00Z
L-00562,user562@example.com,Feature idea,It would be great to have a feature for scheduled reports.,2024-08-03T10:00:00Z
L-00563,user563@example.com,Crash on export,Export fails with an error and the app crashes.,2024-08-04T11:00:00Z
L-00564,user564@example.com,Crash on export,Export fails with an error and the app crashes.,2024-08-05T12:00:00Z
L-00565,user565@example.com,Thanks,Great job on the latest release.,2024-08-06T13:00:00Z
L-00566,user566@example.com,Thanks,Great job on the latest release.,2024-08-07T14:00:00Z
L-00567,user567@example.com,Thanks,Great job on the latest release.,2024-08-08T15:00:00Z
L-00568,user568@example.com,Crash on export,Export fails with an error and the app crashes.,2024-08-09T16:00:00Z
L-00569,user569@example.com,Crash on export,Export fails with an error and the app crashes.,2024-08-10T17:00:00Z
L-00570,user570@example.com,Feature idea,It would be great to have a feature for scheduled reports.,2024-08-11T18:00:00Z
L-00571,user571@example.com,Refund request,Please refund the duplicate charge on my invoice.,2024-08-12T19:00:00Z
L-00572,user572@example.com,Crash on export,Export fails with an error and the app crashes.,2024-08-13T20:00:00Z
L-00573,user573@example.com,Crash on export,Export fails with an error and the app crashes.,2024-08-14T21:00:00Z
L-00574,user574@example.com,Thanks,Great job on the latest release.,2024-08-15T22:00:00Z
L-00575,user575@example.com,Refund request,Please refund the duplicate charge on my invoice.,2024-08-16T23:00:00Z
L-00576,user576@example.com,Refund request,Please refund the duplicate charge on my invoice.,2024-08-17T00:00:00Z
L-00577,user577@example.com,Crash on export,Export fails with an error and the app crashes.,2024-08-18T01:00:00Z
L-00578,user578@example.com,Cannot sign in,My password reset link is expired and I am locked out.,2024-08-19T02:00:00Z
L-00579,user579@example.com,Refund request,Please refund the duplicate charge on my invoice.,2024-08-20T03:00:00Z
L-00580,user580@example.com,Cannot sign in,My password reset link is expired and I am locked out.,2024-08-21T04:00:00Z
L-00581,user581@example.com,Crash on export,Export fails with an error and the app crashes.,2024-08-22T05:00:00Z
L-00582,user582@example.com,Crash on export,Export fails with an error and the app crashes.,2024-08-23T06:00:00Z
L-00583,user583@example.com,Cannot sign in,My password reset link is expired and I am locked out.,2024-08-24T07:00:00Z
L-00584,user584@example.com,Thanks,Great job on the latest release.,2024-08-25T08:00:00Z
L-00585,user585@example.com,Refund request,Please refund the duplicate charge on my invoice.,2024-08-26T09:00:00Z
L-00586,user586@example.com,Crash on export,Export fails with an error and the app crashes.,2024-08-27T10:00:00Z
L-00587,user587@example.com,Crash on export,Export fails with an error and the app crashes.,2024-08-28T11:00:00Z
L-00588,user588@example.com,Refund request,Please refund the duplicate charge on my invoice.,2024-08-01T12:00:00Z
L-00589,user589@example.com,Refund request,Please refund the duplicate charge on my invoice.,2024-08-02T13:00:00Z
L-00590,user590@example.com,Refund request,Please refund the duplicate charge on my invoice.,2024-08-03T14:00:00Z
L-00591,user591@example.com,Crash on export,Export fails with an error and the app crashes.,2024-08-04T15:00:00Z
L-00592,user592@example.com,Refund request,Please refund the duplicate charge on my invoice.,2024-08-05T16:00:00Z
L-00593,user593@example.com,Refund request,Please refund the duplicate charge on my invoice.,2024-08-06T17:00:00Z
L-00594,user594@example.com,Feature idea,It would be great to have a feature for scheduled reports.,2024-08-07T18:00:00Z
L-00595,user595@example.com,Crash on export,Export fails with an error and the app crashes.,2024-08-08T19:00:00Z
L-00596,user596@example.com,Cannot sign in,My password reset link is expired and I am locked out.,2024-08-09T20:00:00Z
L-00597,user597@example.com,Thanks,Great job on the latest release.,2024-08-10T21:00:00Z
L-00598,user598@example.com,Refund request,Please refund the duplicate charge on my invoice.,2024-08-11T22:00:00Z
L-00599,user599@example.com,Crash on export,Export fails with an error and the app crashes.,2024-08-12T23:00:00Z
L-00600,user600@example.com,Cannot sign in,My password reset link is expired and I am locked out.,2024-08-13T00:00:00Z
L-00601,user601@example.com,Thanks,Great job on the latest release.,2024-08-14T01:00:00Z
L-00602,user602@example.com,Thanks,Great job on the latest release.,2024-08-15T02:00:00Z
L-00603,user603@example.com,Feature idea,It would be great to have a feature for scheduled reports.,2024-08-16T03:00:00Z
L-00604,user604@example.com,Feature idea,It would be great to have a feature for scheduled reports.,2024-08-17T04:00:00Z
L-00605,user605@example.com,Crash on export,Export fails with an error and the app crashes.,2024-08-18T05:00:00Z
L-00606,user606@example.com,Thanks,Great job on the latest release.,2024-08-19T06:00:00Z
L-00607,user607@example.com,Thanks,Great job on the latest release.,2024-08-20T07:00:00Z
L-00608,user608@example.com,Crash on export,Export fails with an error and the app crashes.,2024-08-21T08:00:00Z
L-00609,user609@example.com,Feature idea,It would be great to have a feature for scheduled reports.,2024-08-22T09:00:00Z
L-00610,user610@example.com,Refund request,Please refund the duplicate charge on my invoice.,2024-08-23T10:00:00Z
L-00611,user611@example.com,Cannot sign in,My password reset link is expired and I am locked out.,2024-08-24T11:00:00Z
L-00612,user612@example.com,Cannot sign in,My password reset link is expired and I am locked out.,2024-08-25T12:00:00Z
L-00613,user613@example.com,Feature idea,It would be great to have a feature for scheduled reports.,2024-08-26T13:00:00Z
L-00614,user614@example.com,Cannot sign in,My password reset link is expired and I am locked out.,2024-08-27T14:00:00Z
L-00615,user615@example.com,Thanks,Great job on the latest release.,2024-08-28T15:00:00Z
L-00616,user616@example.com,Thanks,Great job on the latest release.,2024-08-01T16:00:00Z
L-00617,user617@example.com,Thanks,Great job on the latest release.,2024-08-02T17:00:00Z
L-00618,user618@example.com,Refund request,Please refund the duplicate charge on my invoice.,2024-08-03T18:00:00Z
L-00619,user619@example.com,Feature idea,It would be great to have a feature for scheduled reports.,2024-08-04T19:00:00Z
L-00620,user620@example.com,Crash on export,Export fails with an error and the app crashes.,2024-08-05T20:00:00Z
L-00621,user621@example.com,Thanks,Great job on the latest release.,2024-08-06T21:00:00Z
L-00622,user622@example.com,Crash on export,Export fails with an error and the app crashes.,2024-08-07T22:00:00Z
L-00623,user623@example.com,Cannot sign in,My password reset link is expired and I am locked out.,2024-08-08T23:00:00Z
L-00624,user624@example.com,Cannot sign in,My password reset link is expired and I am locked out.,2024-08-09T00:00:00Z
L-00625,user625@example.com,Feature idea,It would be great to have a feature for scheduled reports.,2024-08-10T01:00:00Z
L-00626,user626@example.com,Feature idea,It would be great to have a feature for scheduled reports.,2024-08-11T02:00:00Z
L-00627,user627@example.com,Thanks,Great job on the latest release.,2024-08-12T03:00:00Z
L-00628,user628@example.com,Cannot sign in,My password reset link is expired and I am locked out.,2024-08-13T04:00:00Z
L-00629,user629@example.com,Thanks,Great job on the latest release.,2024-08-14T05:00:00Z
L-00630,user630@example.com,Thanks,Great job on the latest release.,2024-08-15T06:00:00Z
L-00631,user631@example.com,Crash on export,Export fails with an error and the app crashes.,2024-08-16T07:00:00Z
L-00632,user632@example.com,Thanks,Great job on the latest release.,2024-08-17T08:00:00Z
L-00633,user633@example.com,Refund request,Please refund the duplicate charge on my invoice.,2024-08-18T09:00:00Z
L-00634,user634@example.com,Feature idea,It would be great to have a feature for scheduled reports.,2024-08-19T10:00:00Z
L-00635,user635@example.com,Feature idea,It would be great to have a feature for scheduled reports.,2024-08-20T11:00:00Z
L-00636,user636@example.com,Cannot sign in,My password reset link is expired and I am locked out.,2024-08-21T12:00:00Z
L-00637,user637@example.com,Thanks,Great job on the latest release.,2024-08-22T13:00:00Z
L-00638,user638@example.com,Refund request,Please refund the duplicate charge on my invoice.,2024-08-23T14:00:00Z
L-00639,user639@example.com,Refund request,Please refund the duplicate charge on my invoice.,2024-08-24T15:00:00Z
L-00640,user640@example.com,Refund request,Please refund the duplicate charge on my invoice.,2024-08-25T16:00:00Z
L-00641,user641@example.com,Refund request,Please refund the duplicate charge on my invoice.,2024-08-26T17:00:00Z
L-00642,user642@example.com,Thanks,Great job on the latest release.,2024-08-27T18:00:00Z
L-00643,user643@example.com,Cannot sign in,My password reset link is expired and I am locked out.,2024-08-28T19:00:00Z
L-00644,user644@example.com,Thanks,Great job on the latest release.,2024-08-01T20:00:00Z
L-00645,user645@example.com,Cannot sign in,My password reset link is expired and I am locked out.,2024-08-02T21:00:00Z
L-00646,user646@example.com,Crash on export,Export fails with an error and the app crashes.,2024-08-03T22:00:00Z
L-00647,user647@example.com,Thanks,Great job on the latest release.,2024-08-04T23:00:00Z
L-00648,user648@example.com,Thanks,Great job on the latest release.,2024-08-05T00:00:00Z
L-00649,user649@example.com,Crash on export,Export fails with an error and the app crashes.,2024-08-06T01:00:00Z
L-00650,user650@example.com,Refund request,Please refund the duplicate charge on my invoice.,2024-08-07T02:00:00Z
L-00651,user651@example.com,Cannot sign in,My password reset link is expired and I am locked out.,2024-08-08T03:00:00Z
L-00652,user652@example.com,Cannot sign in,My password reset link is expired and I am locked out.,2024-08-09T04:00:00Z
L-00653,user653@example.com,Refund request,Please refund the duplicate charge on my invoice.,2024-08-10T05:00:00Z
L-00654,user654@example.com,Feature idea,It would be great to have a feature for scheduled reports.,2024-08-11T06:00:00Z
L-00655,user655@example.com,Cannot sign in,My password reset link is expired and I am locked out.,2024-08-12T07:00:00Z
L-00656,user656@example.com,Cannot sign in,My password reset link is expired and I am locked out.,2024-08-13T08:00:00Z
L-00657,user657@example.com,Crash on export,Export fails with an error and the app crashes.,2024-08-14T09:00:00Z
L-00658,user658@example.com,Thanks,Great job on the latest release.,2024-08-15T10:00:00Z
L-00659,user659@example.com,Cannot sign in,My password reset link is expired and I am locked out.,2024-08-16T11:00:00Z
L-00660,user660@example.com,Thanks,Great job on the latest release.,2024-08-17T12:00:00Z
L-00661,user661@example.com,Feature idea,It would be great to have a feature for scheduled reports.,2024-08-18T13:00:00Z
L-00662,user662@example.com,Refund request,Please refund the duplicate charge on my invoice.,2024-08-19T14:00:00Z
L-00663,user663@example.com,Refund request,Please refund the duplicate charge on my invoice.,2024-08-20T15:00:00Z
L-00664,user664@example.com,Crash on export,Export fails with an error and the app crashes.,2024-08-21T16:00:00Z
L-00665,user665@example.com,Crash on export,Export fails with an error and the app crashes.,2024-08-22T17:00:00Z
L-00666,user666@example.com,Crash on export,Export fails with an error and the app crashes.,2024-08-23T18:00:00Z
L-00667,user667@example.com,Cannot sign in,My password reset link is expired and I am locked out.,2024-08-24T19:00:00Z
L-00668,user668@example.com,Cannot sign in,My password reset link is expired and I am locked out.,2024-08-25T20:00:00Z
L-00669,user669@example.com,Feature idea,It would be great to have a feature for scheduled reports.,2024-08-26T21:00:00Z
L-00670,user670@example.com,Cannot sign in,My password reset link is expired and I am locked out.,2024-08-27T22:00:00Z
L-00671,user671@example.com,Crash on export,Export fails with an error and the app crashes.,2024-08-28T23:00:00Z
L-00672,user672@example.com,Feature idea,It would be great to have a feature for scheduled reports.,2024-08-01T00:00:00Z
L-00673,user673@example.com,Thanks,Great job on the latest release.,2024-08-02T01:00:00Z
L-00674,user674@example.com,Cannot sign in,My password reset link is expired and I am locked out.,2024-08-03T02:00:00Z
L-00675,broken-email,Crash on export,Export fails with an error and the app crashes.,2024-08-04T03:00:00Z
L-00676,user676@example.com,Feature idea,It would be great to have a feature for scheduled reports.,2024-08-05T04:00:00Z
L-00677,user677@example.com,Refund request,Please refund the duplicate charge on my invoice.,2024-08-06T05:00:00Z
L-00678,user678@example.com,Crash on export,Export fails with an error and the app crashes.,2024-08-07T06:00:00Z
L-00679,user679@example.com,Feature idea,It would be great to have a feature for scheduled reports.,2024-08-08T07:00:00Z
L-00680,user680@example.com,Cannot sign in,My password reset link is expired and I am locked out.,2024-08-09T08:00:00Z
L-00681,user681@example.com,Crash on export,Export fails with an error and the app crashes.,2024-08-10T09:00:00Z
L-00682,user682@example.com,Refund request,Please refund the duplicate charge on my invoice.,2024-08-11T10:00:00Z
L-00683,user683@example.com,Refund request,Please refund the duplicate charge on my invoice.,2024-08-12T11:00:00Z
L-00684,user684@example.com,Crash on export,Export fails with an error and the app crashes.,2024-08-13T12:00:00Z
L-00685,user685@example.com,Feature idea,It would be great to have a feature for scheduled reports.,2024-08-14T13:00:00Z
L-00686,user686@example.com,Thanks,Great job on the latest release.,2024-08-15T14:00:00Z
L-00687,user687@example.com,Feature idea,It would be great to have a feature for scheduled reports.,2024-08-16T15:00:00Z
L-00688,user688@example.com,Crash on export,Export fails with an error and the app crashes.,2024-08-17T16:00:00Z
L-00689,user689@example.com,Crash on export,Export fails with an error and the app crashes.,2024-08-18T17:00:00Z
L-00690,user690@example.com,Thanks,Great job on the latest release.,2024-08-19T18:00:00Z
L-00691,user691@example.com,Crash on export,Export fails with an error and the app crashes.,2024-08-20T19:00:00Z
L-00692,broken-email,Thanks,Great job on the latest release.,2024-08-21T20:00:00Z
L-00693,user693@example.com,Crash on export,Export fails with an error and the app crashes.,2024-08-22T21:00:00Z
L-00694,user694@example.com,Refund request,Please refund the duplicate charge on my invoice.,2024-08-23T22:00:00Z
L-00695,user695@example.com,Crash on export,Export fails with an error and the app crashes.,2024-08-24T23:00:00Z
L-00696,user696@example.com,Thanks,Great job on the latest release.,2024-08-25T00:00:00Z
L-00697,user697@example.com,Thanks,Great job on the latest release.,2024-08-26T01:00:00Z
L-00698,user698@example.com,Feature idea,It would be great to have a feature for scheduled reports.,2024-08-27T02:00:00Z
L-00699,user699@example.com,Refund request,Please refund the duplicate charge on my invoice.,2024-08-28T03:00:00Z
L-00700,user700@example.com,Refund request,Please refund the duplicate charge on my invoice.,2024-08-01T04:00:00Z
L-00701,user701@example.com,Thanks,Great job on the latest release.,2024-08-02T05:00:00Z
L-00702,user702@example.com,Feature idea,It would be great to have a feature for scheduled reports.,2024-08-03T06:00:00Z
L-00703,user703@example.com,Thanks,Great job on the latest release.,2024-08-04T07:00:00Z
L-00704,broken-email,Refund request,Please refund the duplicate charge on my invoice.,2024-08-05T08:00:00Z
L-00705,user705@example.com,Cannot sign in,My password reset link is expired and I am locked out.,2024-08-06T09:00:00Z
L-00706,user706@example.com,Feature idea,It would be great to have a feature for scheduled reports.,2024-08-07T10:00:00Z
L-00707,user707@example.com,Crash on export,Export fails with an error and the app crashes.,2024-08-08T11:00:00Z
L-00708,user708@example.com,Cannot sign in,My password reset link is expired and I am locked out.,2024-08-09T12:00:00Z
L-00709,user709@example.com,Feature idea,It would be great to have a feature for scheduled reports.,2024-08-10T13:00:00Z
L-00710,user710@example.com,Feature idea,It would be great to have a feature for scheduled reports.,2024-08-11T14:00:00Z
L-00711,user711@example.com,Feature idea,It would be great to have a feature for scheduled reports.,2024-08-12T15:00:00Z
L-00712,user712@example.com,Crash on export,Export fails with an error and the app crashes.,2024-08-13T16:00:00Z
L-00713,user713@example.com,Cannot sign in,My password reset link is expired and I am locked out.,2024-08-14T17:00:00Z
L-00714,user714@example.com,Crash on export,Export fails with an error and the app crashes.,2024-08-15T18:00:00Z
L-00715,user715@example.com,Cannot sign in,My password reset link is expired and I am locked out.,2024-08-16T19:00:00Z
L-00716,user716@example.com,Thanks,Great job on the latest release.,2024-08-17T20:00:00Z
L-00717,user717@example.com,Cannot sign in,My password reset link is expired and I am locked out.,2024-08-18T21:00:00Z
L-00718,user718@example.com,Crash on export,Export fails with an error and the app crashes.,2024-08-19T22:00:00Z
L-00719,user719@example.com,Cannot sign in,My password reset link is expired and I am locked out.,2024-08-20T23:00:00Z
L-00720,user720@example.com,Cannot sign in,My password reset link is expired and I am locked out.,2024-08-21T00:00:00Z
L-00721,user721@example.com,Refund request,Please refund the duplicate charge on my invoice.,2024-08-22T01:00:00Z
L-00722,user722@example.com,Crash on export,Export fails with an error and the app crashes.,2024-08-23T02:00:00Z
L-00723,user723@example.com,Crash on export,Export fails with an error and the app crashes.,2024-08-24T03:00:00Z
L-00724,user724@example.com,Thanks,Great job on the latest release.,2024-08-25T04:00:00Z
L-00725,user725@example.com,Crash on export,Export fails with an error and the app crashes.,2024-08-26T05:00:00Z
L-00726,user726@example.com,Crash on export,Export fails with an error and the app crashes.,2024-08-27T06:00:00Z
L-00727,user727@example.com,Thanks,Great job on the latest release.,2024-08-28T07:00:00Z
L-00728,user728@example.com,Crash on export,Export fails with an error and the app crashes.,2024-08-01T08:00:00Z
L-00729,user729@example.com,Refund request,Please refund the duplicate charge on my invoice.,2024-08-02T09:00:00Z
L-00730,user730@example.com,Refund request,Please refund the duplicate charge on my invoice.,2024-08-03T10:00:00Z
L-00731,user731@example.com,Feature idea,It would be great to have a feature for scheduled reports.,2024-08-04T11:00:00Z
L-00732,user732@example.com,Crash on export,Export fails with an error and the app crashes.,2024-08-05T12:00:00Z
L-00733,user733@example.com,Crash on export,Export fails with an error and the app crashes.,2024-08-06T13:00:00Z
L-00734,user734@example.com,Thanks,Great job on the latest release.,2024-08-07T14:00:00Z
L-00735,user735@example.com,Crash on export,Export fails with an error and the app crashes.,2024-08-08T15:00:00Z
L-00736,user736@example.com,Crash on export,Export fails with an error and the app crashes.,2024-08-09T16:00:00Z
L-00737,user737@example.com,Feature idea,It would be great to have a feature for scheduled reports.,2024-08-10T17:00:00Z
L-00738,user738@example.com,Crash on export,Export fails with an error and the app crashes.,2024-08-11T18:00:00Z
L-00739,user739@example.com,Crash on export,Export fails with an error and the app crashes.,2024-08-12T19:00:00Z
L-00740,user740@example.com,Thanks,Great job on the latest release.,2024-08-13T20:00:00Z
L-00741,user741@example.com,Thanks,Great job on the latest release.,2024-08-14T21:00:00Z
L-00742,user742@example.com,Crash on export,Export fails with an error and the app crashes.,2024-08-15T22:00:00Z
L-00743,user743@example.com,Refund request,Please refund the duplicate charge on my invoice.,2024-08-16T23:00:00Z
L-00744,user744@example.com,Thanks,Great job on the latest release.,2024-08-17T00:00:00Z
L-00745,user745@example.com,Thanks,Great job on the latest release.,2024-08-18T01:00:00Z
L-00746,user746@example.com,Feature idea,It would be great to have a feature for scheduled reports.,2024-08-19T02:00:00Z
L-00747,user747@example.com,Refund request,Please refund the duplicate charge on my invoice.,2024-08-20T03:00:00Z
L-00748,user748@example.com,Cannot sign in,My password reset link is expired and I am locked out.,2024-08-21T04:00:00Z
L-00749,user749@example.com,Crash on export,Export fails with an error and the app crashes.,2024-08-22T05:00:00Z
L-00750,user750@example.com,Refund request,Please refund the duplicate charge on my invoice.,2024-08-23T06:00:00Z
L-00751,user751@example.com,Feature idea,It would be great to have a feature for scheduled reports.,2024-08-24T07:00:00Z
L-00752,user752@example.com,Crash on export,Export fails with an error and the app crashes.,2024-08-25T08:00:00Z
L-00753,user753@example.com,Thanks,Great job on the latest release.,2024-08-26T09:00:00Z
L-00754,user754@example.com,Refund request,Please refund the duplicate charge on my invoice.,2024-08-27T10:00:00Z
L-00755,user755@example.com,Crash on export,Export fails with an error and the app crashes.,2024-08-28T11:00:00Z
L-00756,user756@example.com,Feature idea,It would be great to have a feature for scheduled reports.,2024-08-01T12:00:00Z
L-00757,user757@example.com,Thanks,Great job on the latest release.,2024-08-02T13:00:00Z
L-00758,user758@example.com,Thanks,Great job on the latest release.,2024-08-03T14:00:00Z
L-00759,user759@example.com,Refund request,Please refund the duplicate charge on my invoice.,2024-08-04T15:00:00Z
L-00760,user760@example.com,Crash on export,Export fails with an error and the app crashes.,2024-08-05T16:00:00Z
L-00761,user761@example.com,Thanks,Great job on the latest release.,2024-08-06T17:00:00Z
L-00762,user762@example.com,Feature idea,It would be great to have a feature for scheduled reports.,2024-08-07T18:00:00Z
L-00763,user763@example.com,Crash on export,Export fails with an error and the app crashes.,2024-08-08T19:00:00Z
L-00764,user764@example.com,Crash on export,Export fails with an error and the app crashes.,2024-08-09T20:00:00Z
L-00765,user765@example.com,Thanks,Great job on the latest release.,2024-08-10T21:00:00Z
L-00766,user766@example.com,Feature idea,It would be great to have a feature for scheduled reports.,2024-08-11T22:00:00Z
L-00767,user767@example.com,Feature idea,It would be great to have a feature for scheduled reports.,2024-08-12T23:00:00Z
L-00768,user768@example.com,Feature idea,It would be great to have a feature for scheduled reports.,2024-08-13T00:00:00Z
L-00769,user769@example.com,Crash on export,Export fails with an error and the app crashes.,2024-08-14T01:00:00Z
L-00770,user770@example.com,Refund request,Please refund the duplicate charge on my invoice.,2024-08-15T02:00:00Z
L-00771,user771@example.com,Refund request,Please refund the duplicate charge on my invoice.,2024-08-16T03:00:00Z
L-00772,user772@example.com,Feature idea,It would be great to have a feature for scheduled reports.,2024-08-17T04:00:00Z
L-00773,user773@example.com,Thanks,Great job on the latest release.,2024-08-18T05:00:00Z
L-00774,user774@example.com,Cannot sign in,My password reset link is expired and I am locked out.,2024-08-19T06:00:00Z
L-00775,user775@example.com,Refund request,Please refund the duplicate charge on my invoice.,2024-08-20T07:00:00Z
L-00776,user776@example.com,Refund request,Please refund the duplicate charge on my invoice.,2024-08-21T08:00:00Z
L-00777,user777@example.com,Feature idea,It would be great to have a feature for scheduled reports.,2024-08-22T09:00:00Z
L-00778,user778@example.com,Crash on export,Export fails with an error and the app crashes.,2024-08-23T10:00:00Z
L-00779,user779@example.com,Crash on export,Export fails with an error and the app crashes.,2024-08-24T11:00:00Z
L-00780,user780@example.com,Feature idea,It would be great to have a feature for scheduled reports.,2024-08-25T12:00:00Z
L-00781,user781@example.com,Crash on export,Export fails with an error and the app crashes.,2024-08-26T13:00:00Z
L-00782,user782@example.com,Thanks,Great job on the latest release.,2024-08-27T14:00:00Z
L-00783,user783@example.com,Refund request,Please refund the duplicate charge on my invoice.,2024-08-28T15:00:00Z
L-00784,user784@example.com,Refund request,Please refund the duplicate charge on my invoice.,2024-08-01T16:00:00Z
L-00785,user785@example.com,Thanks,Great job on the latest release.,2024-08-02T17:00:00Z
L-00786,user786@example.com,Crash on export,Export fails with an error and the app crashes.,2024-08-03T18:00:00Z
L-00787,user787@example.com,Cannot sign in,My password reset link is expired and I am locked out.,2024-08-04T19:00:00Z
L-00788,user788@example.com,Thanks,Great job on the latest release.,2024-08-05T20:00:00Z
L-00789,user789@example.com,Thanks,Great job on the latest release.,2024-08-06T21:00:00Z
L-00790,user790@example.com,Feature idea,It would be great to have a feature for scheduled reports.,2024-08-07T22:00:00Z
L-00791,user791@example.com,Thanks,Great job on the latest release.,2024-08-08T23:00:00Z
L-00792,user792@example.com,Feature idea,It would be great to have a feature for scheduled reports.,2024-08-09T00:00:00Z
L-00793,user793@example.com,Cannot sign in,My password reset link is expired and I am locked out.,2024-08-10T01:00:00Z
L-00794,user794@example.com,Refund request,Please refund the duplicate charge on my invoice.,2024-08-11T02:00:00Z
L-00795,broken-email,Feature idea,It would be great to have a feature for scheduled reports.,2024-08-12T03:00:00Z
L-00796,user796@example.com,Cannot sign in,My password reset link is expired and I am locked out.,2024-08-13T04:00:00Z
L-00797,user797@example.com,Cannot sign in,My password reset link is expired and I am locked out.,2024-08-14T05:00:00Z
L-00798,user798@example.com,Thanks,Great job on the latest release.,2024-08-15T06:00:00Z
L-00799,user799@example.com,Cannot sign in,My password reset link is expired and I am locked out.,2024-08-16T07:00:00Z
L-00800,user800@example.com,Thanks,Great job on the latest release.,2024-08-17T08:00:00Z
L-00801,user801@example.com,Cannot sign in,My password reset link is expired and I am locked out.,2024-08-18T09:00:00Z
L-00802,user802@example.com,Thanks,Great job on the latest release.,2024-08-19T10:00:00Z
L-00803,user803@example.com,Thanks,Great job on the latest release.,2024-08-20T11:00:00Z
L-00804,user804@example.com,Refund request,Please refund the duplicate charge on my invoice.,2024-08-21T12:00:00Z
L-00805,user805@example.com,Refund request,Please refund the duplicate charge on my invoice.,2024-08-22T13:00:00Z
L-00806,user806@example.com,Cannot sign in,My password reset link is expired and I am locked out.,2024-08-23T14:00:00Z
L-00807,user807@example.com,Cannot sign in,My password reset link is expired and I am locked out.,2024-08-24T15:00:00Z
L-00808,user808@example.com,Refund request,Please refund the duplicate charge on my invoice.,2024-08-25T16:00:00Z
L-00809,user809@example.com,Thanks,Great job on the latest release.,2024-08-26T17:00:00Z
L-00810,user810@example.com,Refund request,Please refund the duplicate charge on my invoice.,2024-08-27T18:00:00Z
L-00811,user811@example.com,Feature idea,It would be great to have a feature for scheduled reports.,2024-08-28T19:00:00Z
L-00812,broken-email,Thanks,Great job on the latest release.,2024-08-01T20:00:00Z
L-00813,user813@example.com,Crash on export,Export fails with an error and the app crashes.,2024-08-02T21:00:00Z
L-00814,user814@example.com,Cannot sign in,My password reset link is expired and I am locked out.,2024-08-03T22:00:00Z
L-00815,user815@example.com,Thanks,Great job on the latest release.,2024-08-04T23:00:00Z
L-00816,user816@example.com,Refund request,Please refund the duplicate charge on my invoice.,2024-08-05T00:00:00Z
L-00817,user817@example.com,Thanks,Great job on the latest release.,2024-08-06T01:00:00Z
L-00818,user818@example.com,Cannot sign in,My password reset link is expired and I am locked out.,2024-08-07T02:00:00Z
L-00819,user819@example.com,Cannot sign in,My password reset link is expired and I am locked out.,2024-08-08T03:00:00Z
L-00820,user820@example.com,Refund request,Please refund the duplicate charge on my invoice.,2024-08-09T04:00:00Z
L-00821,user821@example.com,Crash on export,Export fails with an error and the app crashes.,2024-08-10T05:00:00Z
L-00822,user822@example.com,Cannot sign in,My password reset link is expired and I am locked out.,2024-08-11T06:00:00Z
L-00823,user823@example.com,Feature idea,It would be great to have a feature for scheduled reports.,2024-08-12T07:00:00Z
L-00824,user824@example.com,Thanks,Great job on the latest release.,2024-08-13T08:00:00Z
L-00825,user825@example.com,Refund request,Please refund the duplicate charge on my invoice.,2024-08-14T09:00:00Z
L-00826,user826@example.com,Crash on export,Export fails with an error and the app crashes.,2024-08-15T10:00:00Z
L-00827,user827@example.com,Cannot sign in,My password reset link is expired and I am locked out.,2024-08-16T11:00:00Z
L-00828,user828@example.com,Crash on export,Export fails with an error and the app crashes.,2024-08-17T12:00:00Z
L-00829,user829@example.com,Cannot sign in,My password reset link is expired and I am locked out.,2024-08-18T13:00:00Z
L-00830,user830@example.com,Refund request,Please refund the duplicate charge on my invoice.,2024-08-19T14:00:00Z
L-00831,user831@example.com,Feature idea,It would be great to have a feature for scheduled reports.,2024-08-20T15:00:00Z
L-00832,user832@example.com,Thanks,Great job on the latest release.,2024-08-21T16:00:00Z
L-00833,user833@example.com,Crash on export,Export fails with an error and the app crashes.,2024-08-22T17:00:00Z
L-00834,user834@example.com,Refund request,Please refund the duplicate charge on my invoice.,2024-08-23T18:00:00Z
L-00835,user835@example.com,Cannot sign in,My password reset link is expired and I am locked out.,2024-08-24T19:00:00Z
L-00836,user836@example.com,Thanks,Great job on the latest release.,2024-08-25T20:00:00Z
L-00837,user837@example.com,Feature idea,It would be great to have a feature for scheduled reports.,2024-08-26T21:00:00Z
L-00838,broken-email,Refund request,Please refund the duplicate charge on my invoice.,2024-08-27T22:00:00Z
L-00839,user839@example.com,Cannot sign in,My password reset link is expired and I am locked out.,2024-08-28T23:00:00Z
L-00840,user840@example.com,Crash on export,Export fails with an error and the app crashes.,2024-08-01T00:00:00Z
L-00841,user841@example.com,Refund request,Please refund the duplicate charge on my invoice.,2024-08-02T01:00:00Z
L-00842,user842@example.com,Thanks,Great job on the latest release.,2024-08-03T02:00:00Z
L-00843,user843@example.com,Crash on export,Export fails with an error and the app crashes.,2024-08-04T03:00:00Z
L-00844,user844@example.com,Thanks,Great job on the latest release.,2024-08-05T04:00:00Z
L-00845,user845@example.com,Thanks,Great job on the latest release.,2024-08-06T05:00:00Z
L-00846,user846@example.com,Cannot sign in,My password reset link is expired and I am locked out.,2024-08-07T06:00:00Z
L-00847,user847@example.com,Refund request,Please refund the duplicate charge on my invoice.,2024-08-08T07:00:00Z
L-00848,user848@example.com,Feature idea,It would be great to have a feature for scheduled reports.,2024-08-09T08:00:00Z
L-00849,user849@example.com,Thanks,Great job on the latest release.,2024-08-10T09:00:00Z
L-00850,user850@example.com,Crash on export,Export fails with an error and the app crashes.,2024-08-11T10:00:00Z
L-00851,broken-email,Refund request,Please refund the duplicate charge on my invoice.,2024-08-12T11:00:00Z
L-00852,user852@example.com,Feature idea,It would be great to have a feature for scheduled reports.,2024-08-13T12:00:00Z
L-00853,user853@example.com,Cannot sign in,My password reset link is expired and I am locked out.,2024-08-14T13:00:00Z
L-00854,broken-email,Refund request,Please refund the duplicate charge on my invoice.,2024-08-15T14:00:00Z
L-00855,user855@example.com,Refund request,Please refund the duplicate charge on my invoice.,2024-08-16T15:00:00Z
L-00856,user856@example.com,Crash on export,Export fails with an error and the app crashes.,2024-08-17T16:00:00Z
L-00857,user857@example.com,Thanks,Great job on the latest release.,2024-08-18T17:00:00Z
L-00858,user858@example.com,Feature idea,It would be great to have a feature for scheduled reports.,2024-08-19T18:00:00Z
L-00859,user859@example.com,Feature idea,It would be great to have a feature for scheduled reports.,2024-08-20T19:00:00Z
L-00860,user860@example.com,Cannot sign in,My password reset link is expired and I am locked out.,2024-08-21T20:00:00Z
L-00861,user861@example.com,Refund request,Please refund the duplicate charge on my invoice.,2024-08-22T21:00:00Z
L-00862,user862@example.com,Crash on export,Export fails with an error and the app crashes.,2024-08-23T22:00:00Z
L-00863,user863@example.com,Thanks,Great job on the latest release.,2024-08-24T23:00:00Z
L-00864,user864@example.com,Thanks,Great job on the latest release.,2024-08-25T00:00:00Z
L-00865,user865@example.com,Feature idea,It would be great to have a feature for scheduled reports.,2024-08-26T01:00:00Z
L-00866,broken-email,Feature idea,It would be great to have a feature for scheduled reports.,2024-08-27T02:00:00Z
L-00867,user867@example.com,Refund request,Please refund the duplicate charge on my invoice.,2024-08-28T03:00:00Z
L-00868,user868@example.com,Thanks,Great job on the latest release.,2024-08-01T04:00:00Z
L-00869,user869@example.com,Feature idea,It would be great to have a feature for scheduled reports.,2024-08-02T05:00:00Z
L-00870,user870@example.com,Thanks,Great job on the latest release.,2024-08-03T06:00:00Z
L-00871,user871@example.com,Refund request,Please refund the duplicate charge on my invoice.,2024-08-04T07:00:00Z
L-00872,user872@example.com,Crash on export,Export fails with an error and the app crashes.,2024-08-05T08:00:00Z
L-00873,user873@example.com,Feature idea,It would be great to have a feature for scheduled reports.,2024-08-06T09:00:00Z
L-00874,user874@example.com,Thanks,Great job on the latest release.,2024-08-07T10:00:00Z
L-00875,user875@example.com,Thanks,Great job on the latest release.,2024-08-08T11:00:00Z
L-00876,user876@example.com,Feature idea,It would be great to have a feature for scheduled reports.,2024-08-09T12:00:00Z
L-00877,user877@example.com,Thanks,Great job on the latest release.,2024-08-10T13:00:00Z
L-00878,user878@example.com,Feature idea,It would be great to have a feature for scheduled reports.,2024-08-11T14:00:00Z
L-00879,user879@example.com,Crash on export,Export fails with an error and the app crashes.,2024-08-12T15:00:00Z
L-00880,user880@example.com,Thanks,Great job on the latest release.,2024-08-13T16:00:00Z
L-00881,user881@example.com,Feature idea,It would be great to have a feature for scheduled reports.,2024-08-14T17:00:00Z
L-00882,user882@example.com,Cannot sign in,My password reset link is expired and I am locked out.,2024-08-15T18:00:00Z
L-00883,user883@example.com,Refund request,Please refund the duplicate charge on my invoice.,2024-08-16T19:00:00Z
L-00884,user884@example.com,Refund request,Please refund the duplicate charge on my invoice.,2024-08-17T20:00:00Z
L-00885,user885@example.com,Feature idea,It would be great to have a feature for scheduled reports.,2024-08-18T21:00:00Z
L-00886,user886@example.com,Crash on export,Export fails with an error and the app crashes.,2024-08-19T22:00:00Z
L-00887,user887@example.com,Crash on export,Export fails with an error and the app crashes.,2024-08-20T23:00:00Z
L-00888,user888@example.com,Cannot sign in,My password reset link is expired and I am locked out.,2024-08-21T00:00:00Z
L-00889,user889@example.com,Crash on export,Export fails with an error and the app crashes.,2024-08-22T01:00:00Z
L-00890,user890@example.com,Feature idea,It would be great to have a feature for scheduled reports.,2024-08-23T02:00:00Z
L-00891,user891@example.com,Refund request,Please refund the duplicate charge on my invoice.,2024-08-24T03:00:00Z
L-00892,user892@example.com,Refund request,Please refund the duplicate charge on my invoice.,2024-08-25T04:00:00Z
L-00893,user893@example.com,Thanks,Great job on the latest release.,2024-08-26T05:00:00Z
L-00894,user894@example.com,Cannot sign in,My password reset link is expired and I am locked out.,2024-08-27T06:00:00Z
L-00895,user895@example.com,Cannot sign in,My password reset link is expired and I am locked out.,2024-08-28T07:00:00Z
L-00896,user896@example.com,Thanks,Great job on the latest release.,2024-08-01T08:00:00Z
L-00897,user897@example.com,Refund request,Please refund the duplicate charge on my invoice.,2024-08-02T09:00:00Z
L-00898,user898@example.com,Refund request,Please refund the duplicate charge on my invoice.,2024-08-03T10:00:00Z
L-00899,user899@example.com,Refund request,Please refund the duplicate charge on my invoice.,2024-08-04T11:00:00Z
L-00900,user900@example.com,Cannot sign in,My password reset link is expired and I am locked out.,2024-08-05T12:00:00Z
L-00901,user901@example.com,Thanks,Great job on the latest release.,2024-08-06T13:00:00Z
L-00902,user902@example.com,Refund request,Please refund the duplicate charge on my invoice.,2024-08-07T14:00:00Z
L-00903,user903@example.com,Crash on export,Export fails with an error and the app crashes.,2024-08-08T15:00:00Z
L-00904,user904@example.com,Thanks,Great job on the latest release.,2024-08-09T16:00:00Z
L-00905,user905@example.com,Cannot sign in,My password reset link is expired and I am locked out.,2024-08-10T17:00:00Z
L-00906,user906@example.com,Feature idea,It would be great to have a feature for scheduled reports.,2024-08-11T18:00:00Z
L-00907,user907@example.com,Thanks,Great job on the latest release.,2024-08-12T19:00:00Z
L-00908,user908@example.com,Refund request,Please refund the duplicate charge on my invoice.,2024-08-13T20:00:00Z
L-00909,user909@example.com,Feature idea,It would be great to have a feature for scheduled reports.,2024-08-14T21:00:00Z
L-00910,user910@example.com,Thanks,Great job on the latest release.,2024-08-15T22:00:00Z
L-00911,user911@example.com,Crash on export,Export fails with an error and the app crashes.,2024-08-16T23:00:00Z
L-00912,user912@example.com,Crash on export,Export fails with an error and the app crashes.,2024-08-17T00:00:00Z
L-00913,user913@example.com,Feature idea,It would be great to have a feature for scheduled reports.,2024-08-18T01:00:00Z
L-00914,user914@example.com,Crash on export,Export fails with an error and the app crashes.,2024-08-19T02:00:00Z
L-00915,user915@example.com,Cannot sign in,My password reset link is expired and I am locked out.,2024-08-20T03:00:00Z
L-00916,broken-email,Cannot sign in,My password reset link is expired and I am locked out.,2024-08-21T04:00:00Z
L-00917,user917@example.com,Cannot sign in,My password reset link is expired and I am locked out.,2024-08-22T05:00:00Z
L-00918,user918@example.com,Crash on export,Export fails with an error and the app crashes.,2024-08-23T06:00:00Z
L-00919,user919@example.com,Refund request,Please refund the duplicate charge on my invoice.,2024-08-24T07:00:00Z
L-00920,user920@example.com,Feature idea,It would be great to have a feature for scheduled reports.,2024-08-25T08:00:00Z
L-00921,user921@example.com,Thanks,Great job on the latest release.,2024-08-26T09:00:00Z
L-00922,user922@example.com,Thanks,Great job on the latest release.,2024-08-27T10:00:00Z
L-00923,user923@example.com,Cannot sign in,My password reset link is expired and I am locked out.,2024-08-28T11:00:00Z
L-00924,user924@example.com,Cannot sign in,My password reset link is expired and I am locked out.,2024-08-01T12:00:00Z
L-00925,user925@example.com,Cannot sign in,My password reset link is expired and I am locked out.,2024-08-02T13:00:00Z
L-00926,user926@example.com,Feature idea,It would be great to have a feature for scheduled reports.,2024-08-03T14:00:00Z
L-00927,user927@example.com,Crash on export,Export fails with an error and the app crashes.,2024-08-04T15:00:00Z
L-00928,user928@example.com,Cannot sign in,My password reset link is expired and I am locked out.,2024-08-05T16:00:00Z
L-00929,user929@example.com,Crash on export,Export fails with an error and the app crashes.,2024-08-06T17:00:00Z
L-00930,user930@example.com,Thanks,Great job on the latest release.,2024-08-07T18:00:00Z
L-00931,user931@example.com,Thanks,Great job on the latest release.,2024-08-08T19:00:00Z
L-00932,user932@example.com,Cannot sign in,My password reset link is expired and I am locked out.,2024-08-09T20:00:00Z
L-00933,user933@example.com,Refund request,Please refund the duplicate charge on my invoice.,2024-08-10T21:00:00Z
L-00934,user934@example.com,Refund request,Please refund the duplicate charge on my invoice.,2024-08-11T22:00:00Z
L-00935,user935@example.com,Refund request,Please refund the duplicate charge on my invoice.,2024-08-12T23:00:00Z
L-00936,user936@example.com,Refund request,Please refund the duplicate charge on my invoice.,2024-08-13T00:00:00Z
L-00937,user937@example.com,Cannot sign in,My password reset link is expired and I am locked out.,2024-08-14T01:00:00Z
L-00938,user938@example.com,Refund request,Please refund the duplicate charge on my invoice.,2024-08-15T02:00:00Z
L-00939,user939@example.com,Thanks,Great job on the latest release.,2024-08-16T03:00:00Z
L-00940,user940@example.com,Crash on export,Export fails with an error and the app crashes.,2024-08-17T04:00:00Z
L-00941,user941@example.com,Thanks,Great job on the latest release.,2024-08-18T05:00:00Z
L-00942,user942@example.com,Cannot sign in,My password reset link is expired and I am locked out.,2024-08-19T06:00:00Z
L-00943,user943@example.com,Crash on export,Export fails with an error and the app crashes.,2024-08-20T07:00:00Z
L-00944,user944@example.com,Refund request,Please refund the duplicate charge on my invoice.,2024-08-21T08:00:00Z
L-00945,user945@example.com,Thanks,Great job on the latest release.,2024-08-22T09:00:00Z
L-00946,user946@example.com,Refund request,Please refund the duplicate charge on my invoice.,2024-08-23T10:00:00Z
L-00947,user947@example.com,Feature idea,It would be great to have a feature for scheduled reports.,2024-08-24T11:00:00Z
L-00948,user948@example.com,Thanks,Great job on the latest release.,2024-08-25T12:00:00Z
L-00949,user949@example.com,Refund request,Please refund the duplicate charge on my invoice.,2024-08-26T13:00:00Z
L-00950,user950@example.com,Crash on export,Export fails with an error and the app crashes.,2024-08-27T14:00:00Z
L-00951,user951@example.com,Cannot sign in,My password reset link is expired and I am locked out.,2024-08-28T15:00:00Z
L-00952,user952@example.com,Refund request,Please refund the duplicate charge on my invoice.,2024-08-01T16:00:00Z
L-00953,user953@example.com,Cannot sign in,My password reset link is expired and I am locked out.,2024-08-02T17:00:00Z
L-00954,user954@example.com,Crash on export,Export fails with an error and the app crashes.,2024-08-03T18:00:00Z
L-00955,user955@example.com,Feature idea,It would be great to have a feature for scheduled reports.,2024-08-04T19:00:00Z
L-00956,user956@example.com,Refund request,Please refund the duplicate charge on my invoice.,2024-08-05T20:00:00Z
L-00957,user957@example.com,Cannot sign in,My password reset link is expired and I am locked out.,2024-08-06T21:00:00Z
L-00958,user958@example.com,Refund request,Please refund the duplicate charge on my invoice.,2024-08-07T22:00:00Z
L-00959,user959@example.com,Crash on export,Export fails with an error and the app crashes.,2024-08-08T23:00:00Z
L-00960,user960@example.com,Refund request,Please refund the duplicate charge on my invoice.,2024-08-09T00:00:00Z
L-00961,user961@example.com,Refund request,Please refund the duplicate charge on my invoice.,2024-08-10T01:00:00Z
L-00962,user962@example.com,Refund request,Please refund the duplicate charge on my invoice.,2024-08-11T02:00:00Z
L-00963,user963@example.com,Crash on export,Export fails with an error and the app crashes.,2024-08-12T03:00:00Z
L-00964,user964@example.com,Cannot sign in,My password reset link is expired and I am locked out.,2024-08-13T04:00:00Z
L-00965,user965@example.com,Crash on export,Export fails with an error and the app crashes.,2024-08-14T05:00:00Z
L-00966,user966@example.com,Cannot sign in,My password reset link is expired and I am locked out.,2024-08-15T06:00:00Z
L-00967,user967@example.com,Cannot sign in,My password reset link is expired and I am locked out.,2024-08-16T07:00:00Z
L-00968,user968@example.com,Feature idea,It would be great to have a feature for scheduled reports.,2024-08-17T08:00:00Z
L-00969,user969@example.com,Thanks,Great job on the latest release.,2024-08-18T09:00:00Z
L-00970,user970@example.com,Feature idea,It would be great to have a feature for scheduled reports.,2024-08-19T10:00:00Z
L-00971,user971@example.com,Crash on export,Export fails with an error and the app crashes.,2024-08-20T11:00:00Z
L-00972,user972@example.com,Feature idea,It would be great to have a feature for scheduled reports.,2024-08-21T12:00:00Z
L-00973,user973@example.com,Crash on export,Export fails with an error and the app crashes.,2024-08-22T13:00:00Z
L-00974,user974@example.com,Refund request,Please refund the duplicate charge on my invoice.,2024-08-23T14:00:00Z
L-00975,user975@example.com,Feature idea,It would be great to have a feature for scheduled reports.,2024-08-24T15:00:00Z
L-00976,user976@example.com,Thanks,Great job on the latest release.,2024-08-25T16:00:00Z
L-00977,user977@example.com,Cannot sign in,My password reset link is expired and I am locked out.,2024-08-26T17:00:00Z
L-00978,user978@example.com,Cannot sign in,My password reset link is expired and I am locked out.,2024-08-27T18:00:00Z
L-00979,user979@example.com,Cannot sign in,My password reset link is expired and I am locked out.,2024-08-28T19:00:00Z
L-00980,user980@example.com,Feature idea,It would be great to have a feature for scheduled reports.,2024-08-01T20:00:00Z
L-00981,broken-email,Thanks,Great job on the latest release.,2024-08-02T21:00:00Z
L-00982,user982@example.com,Crash on export,Export fails with an error and the app crashes.,2024-08-03T22:00:00Z
L-00983,user983@example.com,Cannot sign in,My password reset link is expired and I am locked out.,2024-08-04T23:00:00Z
L-00984,user984@example.com,Thanks,Great job on the latest release.,2024-08-05T00:00:00Z
L-00985,user985@example.com,Crash on export,Export fails with an error and the app crashes.,2024-08-06T01:00:00Z
L-00986,user986@example.com,Crash on export,Export fails with an error and the app crashes.,2024-08-07T02:00:00Z
L-00987,user987@example.com,Refund request,Please refund the duplicate charge on my invoice.,2024-08-08T03:00:00Z
L-00988,user988@example.com,Cannot sign in,My password reset link is expired and I am locked out.,2024-08-09T04:00:00Z
L-00989,user989@example.com,Cannot sign in,My password reset link is expired and I am locked out.,2024-08-10T05:00:00Z
L-00990,user990@example.com,Feature idea,It would be great to have a feature for scheduled reports.,2024-08-11T06:00:00Z
L-00991,user991@example.com,Feature idea,It would be great to have a feature for scheduled reports.,2024-08-12T07:00:00Z
L-00992,user992@example.com,Cannot sign in,My password reset link is expired and I am locked out.,2024-08-13T08:00:00Z
L-00993,user993@example.com,Refund request,Please refund the duplicate charge on my invoice.,2024-08-14T09:00:00Z
L-00994,user994@example.com,Cannot sign in,My password reset link is expired and I am locked out.,2024-08-15T10:00:00Z
L-00995,user995@example.com,Crash on export,Export fails with an error and the app crashes.,2024-08-16T11:00:00Z
L-00996,user996@example.com,Refund request,Please refund the duplicate charge on my invoice.,2024-08-17T12:00:00Z
L-00997,user997@example.com,Crash on export,Export fails with an error and the app crashes.,2024-08-18T13:00:00Z
L-00998,user998@example.com,Cannot sign in,My password reset link is expired and I am locked out.,2024-08-19T14:00:00Z
L-00999,user999@example.com,Cannot sign in,My password reset link is expired and I am locked out.,2024-08-20T15:00:00Z
L-01000,user1000@example.com,Thanks,Great job on the latest release.,2024-08-21T16:00:00Z
L-01001,user1001@example.com,Cannot sign in,My password reset link is expired and I am locked out.,2024-08-22T17:00:00Z
L-01002,user1002@example.com,Refund request,Please refund the duplicate charge on my invoice.,2024-08-23T18:00:00Z
L-01003,user1003@example.com,Feature idea,It would be great to have a feature for scheduled reports.,2024-08-24T19:00:00Z
L-01004,user1004@example.com,Cannot sign in,My password reset link is expired and I am locked out.,2024-08-25T20:00:00Z
L-01005,user1005@example.com,Crash on export,Export fails with an error and the app crashes.,2024-08-26T21:00:00Z
L-01006,user1006@example.com,Cannot sign in,My password reset link is expired and I am locked out.,2024-08-27T22:00:00Z
L-01007,user1007@example.com,Feature idea,It would be great to have a feature for scheduled reports.,2024-08-28T23:00:00Z
L-01008,user1008@example.com,Refund request,Please refund the duplicate charge on my invoice.,2024-08-01T00:00:00Z
L-01009,user1009@example.com,Cannot sign in,My password reset link is expired and I am locked out.,2024-08-02T01:00:00Z
L-01010,user1010@example.com,Refund request,Please refund the duplicate charge on my invoice.,2024-08-03T02:00:00Z
L-01011,user1011@example.com,Crash on export,Export fails with an error and the app crashes.,2024-08-04T03:00:00Z
L-01012,user1012@example.com,Thanks,Great job on the latest release.,2024-08-05T04:00:00Z
L-01013,user1013@example.com,Crash on export,Export fails with an error and the app crashes.,2024-08-06T05:00:00Z
L-01014,user1014@example.com,Refund request,Please refund the duplicate charge on my invoice.,2024-08-07T06:00:00Z
L-01015,user1015@example.com,Thanks,Great job on the latest release.,2024-08-08T07:00:00Z
L-01016,user1016@example.com,Thanks,Great job on the latest release.,2024-08-09T08:00:00Z
L-01017,user1017@example.com,Thanks,Great job on the latest release.,2024-08-10T09:00:00Z
L-01018,user1018@example.com,Feature idea,It would be great to have a feature for scheduled reports.,2024-08-11T10:00:00Z
L-01019,user1019@example.com,Feature idea,It would be great to have a feature for scheduled reports.,2024-08-12T11:00:00Z
L-01020,user1020@example.com,Cannot sign in,My password reset link is expired and I am locked out.,2024-08-13T12:00:00Z
L-01021,user1021@example.com,Refund request,Please refund the duplicate charge on my invoice.,2024-08-14T13:00:00Z
L-01022,user1022@example.com,Crash on export,Export fails with an error and the app crashes.,2024-08-15T14:00:00Z
L-01023,user1023@example.com,Crash on export,Export fails with an error and the app crashes.,2024-08-16T15:00:00Z
L-01024,user1024@example.com,Refund request,Please refund the duplicate charge on my invoice.,2024-08-17T16:00:00Z
L-01025,user1025@example.com,Cannot sign in,My password reset link is expired and I am locked out.,2024-08-18T17:00:00Z
L-01026,user1026@example.com,Cannot sign in,My password reset link is expired and I am locked out.,2024-08-19T18:00:00Z
L-01027,user1027@example.com,Crash on export,Export fails with an error and the app crashes.,2024-08-20T19:00:00Z
L-01028,user1028@example.com,Crash on export,Export fails with an error and the app crashes.,2024-08-21T20:00:00Z
L-01029,user1029@example.com,Crash on export,Export fails with an error and the app crashes.,2024-08-22T21:00:00Z
L-01030,user1030@example.com,Crash on export,Export fails with an error and the app crashes.,2024-08-23T22:00:00Z
L-01031,user1031@example.com,Refund request,Please refund the duplicate charge on my invoice.,2024-08-24T23:00:00Z
L-01032,user1032@example.com,Feature idea,It would be great to have a feature for scheduled reports.,2024-08-25T00:00:00Z
L-01033,user1033@example.com,Refund request,Please refund the duplicate charge on my invoice.,2024-08-26T01:00:00Z
L-01034,user1034@example.com,Feature idea,It would be great to have a feature for scheduled reports.,2024-08-27T02:00:00Z
L-01035,user1035@example.com,Crash on export,Export fails with an error and the app crashes.,2024-08-28T03:00:00Z
L-01036,user1036@example.com,Thanks,Great job on the latest release.,2024-08-01T04:00:00Z
L-01037,user1037@example.com,Thanks,Great job on the latest release.,2024-08-02T05:00:00Z
L-01038,user1038@example.com,Cannot sign in,My password reset link is expired and I am locked out.,2024-08-03T06:00:00Z
L-01039,user1039@example.com,Thanks,Great job on the latest release.,2024-08-04T07:00:00Z
L-01040,user1040@example.com,Cannot sign in,My password reset link is expired and I am locked out.,2024-08-05T08:00:00Z
L-01041,user1041@example.com,Refund request,Please refund the duplicate charge on my invoice.,2024-08-06T09:00:00Z
L-01042,broken-email,Cannot sign in,My password reset link is expired and I am locked out.,2024-08-07T10:00:00Z
L-01043,user1043@example.com,Crash on export,Export fails with an error and the app crashes.,2024-08-08T11:00:00Z
L-01044,user1044@example.com,Crash on export,Export fails with an error and the app crashes.,2024-08-09T12:00:00Z
L-01045,user1045@example.com,Cannot sign in,My password reset link is expired and I am locked out.,2024-08-10T13:00:00Z
L-01046,user1046@example.com,Feature idea,It would be great to have a feature for scheduled reports.,2024-08-11T14:00:00Z
L-01047,user1047@example.com,Refund request,Please refund the duplicate charge on my invoice.,2024-08-12T15:00:00Z
L-01048,user1048@example.com,Cannot sign in,My password reset link is expired and I am locked out.,2024-08-13T16:00:00Z
L-01049,user1049@example.com,Feature idea,It would be great to have a feature for scheduled reports.,2024-08-14T17:00:00Z
L-01050,user1050@example.com,Thanks,Great job on the latest release.,2024-08-15T18:00:00Z
L-01051,user1051@example.com,Cannot sign in,My password reset link is expired and I am locked out.,2024-08-16T19:00:00Z
L-01052,user1052@example.com,Thanks,Great job on the latest release.,2024-08-17T20:00:00Z
L-01053,user1053@example.com,Cannot sign in,My password reset link is expired and I am locked out.,2024-08-18T21:00:00Z
L-01054,user1054@example.com,Crash on export,Export fails with an error and the app crashes.,2024-08-19T22:00:00Z
L-01055,user1055@example.com,Cannot sign in,My password reset link is expired and I am locked out.,2024-08-20T23:00:00Z
L-01056,user1056@example.com,Cannot sign in,My password reset link is expired and I am locked out.,2024-08-21T00:00:00Z
L-01057,user1057@example.com,Thanks,Great job on the latest release.,2024-08-22T01:00:00Z
L-01058,user1058@example.com,Crash on export,Export fails with an error and the app crashes.,2024-08-23T02:00:00Z
L-01059,user1059@example.com,Feature idea,It would be great to have a feature for scheduled reports.,2024-08-24T03:00:00Z
L-01060,user1060@example.com,Feature idea,It would be great to have a feature for scheduled reports.,2024-08-25T04:00:00Z
L-01061,user1061@example.com,Crash on export,Export fails with an error and the app crashes.,2024-08-26T05:00:00Z
L-01062,user1062@example.com,Crash on export,Export fails with an error and the app crashes.,2024-08-27T06:00:00Z
L-01063,user1063@example.com,Refund request,Please refund the duplicate charge on my invoice.,2024-08-28T07:00:00Z
L-01064,user1064@example.com,Thanks,Great job on the latest release.,2024-08-01T08:00:00Z
L-01065,user1065@example.com,Feature idea,It would be great to have a feature for scheduled reports.,2024-08-02T09:00:00Z
L-01066,user1066@example.com,Thanks,Great job on the latest release.,2024-08-03T10:00:00Z
L-01067,user1067@example.com,Thanks,Great job on the latest release.,2024-08-04T11:00:00Z
L-01068,broken-email,Feature idea,It would be great to have a feature for scheduled reports.,2024-08-05T12:00:00Z
L-01069,user1069@example.com,Thanks,Great job on the latest release.,2024-08-06T13:00:00Z
L-01070,user1070@example.com,Feature idea,It would be great to have a feature for scheduled reports.,2024-08-07T14:00:00Z
L-01071,user1071@example.com,Thanks,Great job on the latest release.,2024-08-08T15:00:00Z
L-01072,user1072@example.com,Cannot sign in,My password reset link is expired and I am locked out.,2024-08-09T16:00:00Z
L-01073,user1073@example.com,Feature idea,It would be great to have a feature for scheduled reports.,2024-08-10T17:00:00Z
L-01074,user1074@example.com,Thanks,Great job on the latest release.,2024-08-11T18:00:00Z
L-01075,user1075@example.com,Refund request,Please refund the duplicate charge on my invoice.,2024-08-12T19:00:00Z
L-01076,user1076@example.com,Cannot sign in,My password reset link is expired and I am locked out.,2024-08-13T20:00:00Z
L-01077,user1077@example.com,Crash on export,Export fails with an error and the app crashes.,2024-08-14T21:00:00Z
L-01078,user1078@example.com,Refund request,Please refund the duplicate charge on my invoice.,2024-08-15T22:00:00Z
L-01079,user1079@example.com,Thanks,Great job on the latest release.,2024-08-16T23:00:00Z
L-01080,user1080@example.com,Crash on export,Export fails with an error and the app crashes.,2024-08-17T00:00:00Z
L-01081,broken-email,Feature idea,It would be great to have a feature for scheduled reports.,2024-08-18T01:00:00Z
L-01082,user1082@example.com,Crash on export,Export fails with an error and the app crashes.,2024-08-19T02:00:00Z
L-01083,user1083@example.com,Thanks,Great job on the latest release.,2024-08-20T03:00:00Z
L-01084,user1084@example.com,Crash on export,Export fails with an error and the app crashes.,2024-08-21T04:00:00Z
L-01085,user1085@example.com,Feature idea,It would be great to have a feature for scheduled reports.,2024-08-22T05:00:00Z
L-01086,user1086@example.com,Refund request,Please refund the duplicate charge on my invoice.,2024-08-23T06:00:00Z
L-01087,user1087@example.com,Crash on export,Export fails with an error and the app crashes.,2024-08-24T07:00:00Z
L-01088,user1088@example.com,Cannot sign in,My password reset link is expired and I am locked out.,2024-08-25T08:00:00Z
L-01089,user1089@example.com,Thanks,Great job on the latest release.,2024-08-26T09:00:00Z
L-01090,user1090@example.com,Crash on export,Export fails with an error and the app crashes.,2024-08-27T10:00:00Z
L-01091,user1091@example.com,Feature idea,It would be great to have a feature for scheduled reports.,2024-08-28T11:00:00Z
L-01092,user1092@example.com,Thanks,Great job on the latest release.,2024-08-01T12:00:00Z
L-01093,user1093@example.com,Crash on export,Export fails with an error and the app crashes.,2024-08-02T13:00:00Z
L-01094,user1094@example.com,Thanks,Great job on the latest release.,2024-08-03T14:00:00Z
L-01095,user1095@example.com,Thanks,Great job on the latest release.,2024-08-04T15:00:00Z
L-01096,user1096@example.com,Crash on export,Export fails with an error and the app crashes.,2024-08-05T16:00:00Z
L-01097,user1097@example.com,Crash on export,Export fails with an error and the app crashes.,2024-08-06T17:00:00Z
L-01098,user1098@example.com,Cannot sign in,My password reset link is expired and I am locked out.,2024-08-07T18:00:00Z
L-01099,user1099@example.com,Feature idea,It would be great to have a feature for scheduled reports.,2024-08-08T19:00:00Z
L-01100,user1100@example.com,Thanks,Great job on the latest release.,2024-08-09T20:00:00Z
L-01101,user1101@example.com,Thanks,Great job on the latest release.,2024-08-10T21:00:00Z
L-01102,user1102@example.com,Feature idea,It would be great to have a feature for scheduled reports.,2024-08-11T22:00:00Z
L-01103,user1103@example.com,Feature idea,It would be great to have a feature for scheduled reports.,2024-08-12T23:00:00Z
L-01104,user1104@example.com,Crash on export,Export fails with an error and the app crashes.,2024-08-13T00:00:00Z
L-01105,user1105@example.com,Refund request,Please refund the duplicate charge on my invoice.,2024-08-14T01:00:00Z
L-01106,user1106@example.com,Feature idea,It would be great to have a feature for scheduled reports.,2024-08-15T02:00:00Z
L-01107,user1107@example.com,Feature idea,It would be great to have a feature for scheduled reports.,2024-08-16T03:00:00Z
L-01108,user1108@example.com,Feature idea,It would be great to have a feature for scheduled reports.,2024-08-17T04:00:00Z
L-01109,user1109@example.com,Thanks,Great job on the latest release.,2024-08-18T05:00:00Z
L-01110,user1110@example.com,Crash on export,Export fails with an error and the app crashes.,2024-08-19T06:00:00Z
L-01111,user1111@example.com,Thanks,Great job on the latest release.,2024-08-20T07:00:00Z
L-01112,user1112@example.com,Feature idea,It would be great to have a feature for scheduled reports.,2024-08-21T08:00:00Z
L-01113,user1113@example.com,Cannot sign in,My password reset link is expired and I am locked out.,2024-08-22T09:00:00Z
L-01114,user1114@example.com,Crash on export,Export fails with an error and the app crashes.,2024-08-23T10:00:00Z
L-01115,user1115@example.com,Cannot sign in,My password reset link is expired and I am locked out.,2024-08-24T11:00:00Z
L-01116,user1116@example.com,Refund request,Please refund the duplicate charge on my invoice.,2024-08-25T12:00:00Z
L-01117,user1117@example.com,Refund request,Please refund the duplicate charge on my invoice.,2024-08-26T13:00:00Z
L-01118,user1118@example.com,Thanks,Great job on the latest release.,2024-08-27T14:00:00Z
L-01119,user1119@example.com,Cannot sign in,My password reset link is expired and I am locked out.,2024-08-28T15:00:00Z
L-01120,user1120@example.com,Refund request,Please refund the duplicate charge on my invoice.,2024-08-01T16:00:00Z
L-01121,user1121@example.com,Feature idea,It would be great to have a feature for scheduled reports.,2024-08-02T17:00:00Z
L-01122,user1122@example.com,Feature idea,It would be great to have a feature for scheduled reports.,2024-08-03T18:00:00Z
L-01123,user1123@example.com,Thanks,Great job on the latest release.,2024-08-04T19:00:00Z
L-01124,user1124@example.com,Feature idea,It would be great to have a feature for scheduled reports.,2024-08-05T20:00:00Z
L-01125,user1125@example.com,Feature idea,It would be great to have a feature for scheduled reports.,2024-08-06T21:00:00Z
L-01126,user1126@example.com,Thanks,Great job on the latest release.,2024-08-07T22:00:00Z
L-01127,user1127@example.com,Feature idea,It would be great to have a feature for scheduled reports.,2024-08-08T23:00:00Z
L-01128,user1128@example.com,Cannot sign in,My password reset link is expired and I am locked out.,2024-08-09T00:00:00Z
L-01129,user1129@example.com,Crash on export,Export fails with an error and the app crashes.,2024-08-10T01:00:00Z
L-01130,user1130@example.com,Crash on export,Export fails with an error and the app crashes.,2024-08-11T02:00:00Z
L-01131,user1131@example.com,Crash on export,Export fails with an error and the app crashes.,2024-08-12T03:00:00Z
L-01132,user1132@example.com,Crash on export,Export fails with an error and the app crashes.,2024-08-13T04:00:00Z
L-01133,user1133@example.com,Refund request,Please refund the duplicate charge on my invoice.,2024-08-14T05:00:00Z
L-01134,user1134@example.com,Feature idea,It would be great to have a feature for scheduled reports.,2024-08-15T06:00:00Z
L-01135,user1135@example.com,Cannot sign in,My password reset link is expired and I am locked out.,2024-08-16T07:00:00Z
L-01136,user1136@example.com,Cannot sign in,My password reset link is expired and I am locked out.,2024-08-17T08:00:00Z
L-01137,user1137@example.com,Feature idea,It would be great to have a feature for scheduled reports.,2024-08-18T09:00:00Z
L-01138,user1138@example.com,Feature idea,It would be great to have a feature for scheduled reports.,2024-08-19T10:00:00Z
L-01139,user1139@example.com,Cannot sign in,My password reset link is expired and I am locked out.,2024-08-20T11:00:00Z
L-01140,user1140@example.com,Feature idea,It would be great to have a feature for scheduled reports.,2024-08-21T12:00:00Z
L-01141,user1141@example.com,Cannot sign in,My password reset link is expired and I am locked out.,2024-08-22T13:00:00Z
L-01142,user1142@example.com,Feature idea,It would be great to have a feature for scheduled reports.,2024-08-23T14:00:00Z
L-01143,user1143@example.com,Crash on export,Export fails with an error and the app crashes.,2024-08-24T15:00:00Z
L-01144,user1144@example.com,Thanks,Great job on the latest release.,2024-08-25T16:00:00Z
L-01145,user1145@example.com,Cannot sign in,My password reset link is expired and I am locked out.,2024-08-26T17:00:00Z
L-01146,user1146@example.com,Feature idea,It would be great to have a feature for scheduled reports.,2024-08-27T18:00:00Z
L-01147,user1147@example.com,Thanks,Great job on the latest release.,2024-08-28T19:00:00Z
L-01148,user1148@example.com,Cannot sign in,My password reset link is expired and I am locked out.,2024-08-01T20:00:00Z
L-01149,user1149@example.com,Cannot sign in,My password reset link is expired and I am locked out.,2024-08-02T21:00:00Z
L-01150,user1150@example.com,Feature idea,It would be great to have a feature for scheduled reports.,2024-08-03T22:00:00Z
L-01151,user1151@example.com,Feature idea,It would be great to have a feature for scheduled reports.,2024-08-04T23:00:00Z
L-01152,user1152@example.com,Crash on export,Export fails with an error and the app crashes.,2024-08-05T00:00:00Z
L-01153,user1153@example.com,Thanks,Great job on the latest release.,2024-08-06T01:00:00Z
L-01154,user1154@example.com,Thanks,Great job on the latest release.,2024-08-07T02:00:00Z
L-01155,user1155@example.com,Refund request,Please refund the duplicate charge on my invoice.,2024-08-08T03:00:00Z
L-01156,user1156@example.com,Thanks,Great job on the latest release.,2024-08-09T04:00:00Z
L-01157,user1157@example.com,Cannot sign in,My password reset link is expired and I am locked out.,2024-08-10T05:00:00Z
L-01158,user1158@example.com,Refund request,Please refund the duplicate charge on my invoice.,2024-08-11T06:00:00Z
L-01159,user1159@example.com,Cannot sign in,My password reset link is expired and I am locked out.,2024-08-12T07:00:00Z
L-01160,user1160@example.com,Feature idea,It would be great to have a feature for scheduled reports.,2024-08-13T08:00:00Z
L-01161,user1161@example.com,Cannot sign in,My password reset link is expired and I am locked out.,2024-08-14T09:00:00Z
L-01162,user1162@example.com,Cannot sign in,My password reset link is expired and I am locked out.,2024-08-15T10:00:00Z
L-01163,user1163@example.com,Feature idea,It would be great to have a feature for scheduled reports.,2024-08-16T11:00:00Z
L-01164,broken-email,Crash on export,Export fails with an error and the app crashes.,2024-08-17T12:00:00Z
L-01165,user1165@example.com,Cannot sign in,My password reset link is expired and I am locked out.,2024-08-18T13:00:00Z
L-01166,user1166@example.com,Thanks,Great job on the latest release.,2024-08-19T14:00:00Z
L-01167,user1167@example.com,Crash on export,Export fails with an error and the app crashes.,2024-08-20T15:00:00Z
L-01168,user1168@example.com,Thanks,Great job on the latest release.,2024-08-21T16:00:00Z
L-01169,user1169@example.com,Crash on export,Export fails with an error and the app crashes.,2024-08-22T17:00:00Z
L-01170,user1170@example.com,Cannot sign in,My password reset link is expired and I am locked out.,2024-08-23T18:00:00Z
L-01171,user1171@example.com,Refund request,Please refund the duplicate charge on my invoice.,2024-08-24T19:00:00Z
L-01172,user1172@example.com,Refund request,Please refund the duplicate charge on my invoice.,2024-08-25T20:00:00Z
L-01173,user1173@example.com,Crash on export,Export fails with an error and the app crashes.,2024-08-26T21:00:00Z
L-01174,user1174@example.com,Crash on export,Export fails with an error and the app crashes.,2024-08-27T22:00:00Z
L-01175,user1175@example.com,Crash on export,Export fails with an error and the app crashes.,2024-08-28T23:00:00Z
L-01176,user1176@example.com,Cannot sign in,My password reset link is expired and I am locked out.,2024-08-01T00:00:00Z
L-01177,user1177@example.com,Thanks,Great job on the latest release.,2024-08-02T01:00:00Z
L-01178,user1178@example.com,Crash on export,Export fails with an error and the app crashes.,2024-08-03T02:00:00Z
L-01179,user1179@example.com,Crash on export,Export fails with an error and the app crashes.,2024-08-04T03:00:00Z
L-01180,user1180@example.com,Crash on export,Export fails with an error and the app crashes.,2024-08-05T04:00:00Z
L-01181,user1181@example.com,Crash on export,Export fails with an error and the app crashes.,2024-08-06T05:00:00Z
L-01182,user1182@example.com,Thanks,Great job on the latest release.,2024-08-07T06:00:00Z
L-01183,user1183@example.com,Feature idea,It would be great to have a feature for scheduled reports.,2024-08-08T07:00:00Z
L-01184,user1184@example.com,Cannot sign in,My password reset link is expired and I am locked out.,2024-08-09T08:00:00Z
L-01185,user1185@example.com,Cannot sign in,My password reset link is expired and I am locked out.,2024-08-10T09:00:00Z
L-01186,user1186@example.com,Refund request,Please refund the duplicate charge on my invoice.,2024-08-11T10:00:00Z
L-01187,user1187@example.com,Crash on export,Export fails with an error and the app crashes.,2024-08-12T11:00:00Z
L-01188,user1188@example.com,Feature idea,It would be great to have a feature for scheduled reports.,2024-08-13T12:00:00Z
L-01189,user1189@example.com,Refund request,Please refund the duplicate charge on my invoice.,2024-08-14T13:00:00Z
L-01190,user1190@example.com,Refund request,Please refund the duplicate charge on my invoice.,2024-08-15T14:00:00Z
L-01191,user1191@example.com,Feature idea,It would be great to have a feature for scheduled reports.,2024-08-16T15:00:00Z
L-01192,user1192@example.com,Crash on export,Export fails with an error and the app crashes.,2024-08-17T16:00:00Z
L-01193,user1193@example.com,Crash on export,Export fails with an error and the app crashes.,2024-08-18T17:00:00Z
L-01194,user1194@example.com,Cannot sign in,My password reset link is expired and I am locked out.,2024-08-19T18:00:00Z
L-01195,user1195@example.com,Feature idea,It would be great to have a feature for scheduled reports.,2024-08-20T19:00:00Z
L-01196,user1196@example.com,Thanks,Great job on the latest release.,2024-08-21T20:00:00Z
L-01197,user1197@example.com,Crash on export,Export fails with an error and the app crashes.,2024-08-22T21:00:00Z
L-01198,user1198@example.com,Crash on export,Export fails with an error and the app crashes.,2024-08-23T22:00:00Z
L-01199,user1199@example.com,Refund request,Please refund the duplicate charge on my invoice.,2024-08-24T23:00:00Z
L-01200,user1200@example.com,Cannot sign in,My password reset link is expired and I am locked out.,2024-08-25T00:00:00Z
L-01201,user1201@example.com,Thanks,Great job on the latest release.,2024-08-26T01:00:00Z
L-01202,user1202@example.com,Refund request,Please refund the duplicate charge on my invoice.,2024-08-27T02:00:00Z
L-01203,user1203@example.com,Refund request,Please refund the duplicate charge on my invoice.,2024-08-28T03:00:00Z
L-01204,user1204@example.com,Cannot sign in,My password reset link is expired and I am locked out.,2024-08-01T04:00:00Z
L-01205,user1205@example.com,Thanks,Great job on the latest release.,2024-08-02T05:00:00Z
L-01206,user1206@example.com,Feature idea,It would be great to have a feature for scheduled reports.,2024-08-03T06:00:00Z
L-01207,user1207@example.com,Crash on export,Export fails with an error and the app crashes.,2024-08-04T07:00:00Z
L-01208,user1208@example.com,Cannot sign in,My password reset link is expired and I am locked out.,2024-08-05T08:00:00Z
L-01209,user1209@example.com,Feature idea,It would be great to have a feature for scheduled reports.,2024-08-06T09:00:00Z
L-01210,user1210@example.com,Cannot sign in,My password reset link is expired and I am locked out.,2024-08-07T10:00:00Z
L-01211,user1211@example.com,Crash on export,Export fails with an error and the app crashes.,2024-08-08T11:00:00Z
L-01212,user1212@example.com,Crash on export,Export fails with an error and the app crashes.,2024-08-09T12:00:00Z
L-01213,user1213@example.com,Refund request,Please refund the duplicate charge on my invoice.,2024-08-10T13:00:00Z
L-01214,user1214@example.com,Feature idea,It would be great to have a feature for scheduled reports.,2024-08-11T14:00:00Z
L-01215,user1215@example.com,Thanks,Great job on the latest release.,2024-08-12T15:00:00Z
L-01216,user1216@example.com,Refund request,Please refund the duplicate charge on my invoice.,2024-08-13T16:00:00Z
L-01217,broken-email,Thanks,Great job on the latest release.,2024-08-14T17:00:00Z
L-01218,user1218@example.com,Feature idea,It would be great to have a feature for scheduled reports.,2024-08-15T18:00:00Z
L-01219,user1219@example.com,Cannot sign in,My password reset link is expired and I am locked out.,2024-08-16T19:00:00Z
L-01220,user1220@example.com,Crash on export,Export fails with an error and the app crashes.,2024-08-17T20:00:00Z
L-01221,user1221@example.com,Cannot sign in,My password reset link is expired and I am locked out.,2024-08-18T21:00:00Z
L-01222,user1222@example.com,Cannot sign in,My password reset link is expired and I am locked out.,2024-08-19T22:00:00Z
L-01223,user1223@example.com,Refund request,Please refund the duplicate charge on my invoice.,2024-08-20T23:00:00Z
L-01224,user1224@example.com,Crash on export,Export fails with an error and the app crashes.,2024-08-21T00:00:00Z
L-01225,user1225@example.com,Thanks,Great job on the latest release.,2024-08-22T01:00:00Z
L-01226,user1226@example.com,Refund request,Please refund the duplicate charge on my invoice.,2024-08-23T02:00:00Z
L-01227,user1227@example.com,Crash on export,Export fails with an error and the app crashes.,2024-08-24T03:00:00Z
L-01228,user1228@example.com,Refund request,Please refund the duplicate charge on my invoice.,2024-08-25T04:00:00Z
L-01229,user1229@example.com,Crash on export,Export fails with an error and the app crashes.,2024-08-26T05:00:00Z
L-01230,user1230@example.com,Cannot sign in,My password reset link is expired and I am locked out.,2024-08-27T06:00:00Z
L-01231,broken-email,Cannot sign in,My password reset link is expired and I am locked out.,2024-08-28T07:00:00Z
L-01232,user1232@example.com,Refund request,Please refund the duplicate charge on my invoice.,2024-08-01T08:00:00Z
L-01233,user1233@example.com,Thanks,Great job on the latest release.,2024-08-02T09:00:00Z
L-01234,user1234@example.com,Feature idea,It would be great to have a feature for scheduled reports.,2024-08-03T10:00:00Z
L-01235,user1235@example.com,Thanks,Great job on the latest release.,2024-08-04T11:00:00Z
L-01236,user1236@example.com,Thanks,Great job on the latest release.,2024-08-05T12:00:00Z
L-01237,user1237@example.com,Feature idea,It would be great to have a feature for scheduled reports.,2024-08-06T13:00:00Z
L-01238,user1238@example.com,Thanks,Great job on the latest release.,2024-08-07T14:00:00Z
L-01239,user1239@example.com,Crash on export,Export fails with an error and the app crashes.,2024-08-08T15:00:00Z
L-01240,user1240@example.com,Thanks,Great job on the latest release.,2024-08-09T16:00:00Z
L-01241,user1241@example.com,Cannot sign in,My password reset link is expired and I am locked out.,2024-08-10T17:00:00Z
L-01242,user1242@example.com,Refund request,Please refund the duplicate charge on my invoice.,2024-08-11T18:00:00Z
L-01243,user1243@example.com,Thanks,Great job on the latest release.,2024-08-12T19:00:00Z
L-01244,user1244@example.com,Cannot sign in,My password reset link is expired and I am locked out.,2024-08-13T20:00:00Z
L-01245,user1245@example.com,Cannot sign in,My password reset link is expired and I am locked out.,2024-08-14T21:00:00Z
L-01246,user1246@example.com,Crash on export,Export fails with an error and the app crashes.,2024-08-15T22:00:00Z
L-01247,user1247@example.com,Thanks,Great job on the latest release.,2024-08-16T23:00:00Z
L-01248,user1248@example.com,Thanks,Great job on the latest release.,2024-08-17T00:00:00Z
L-01249,user1249@example.com,Crash on export,Export fails with an error and the app crashes.,2024-08-18T01:00:00Z
L-01250,user1250@example.com,Feature idea,It would be great to have a feature for scheduled reports.,2024-08-19T02:00:00Z
L-01251,user1251@example.com,Thanks,Great job on the latest release.,2024-08-20T03:00:00Z
L-01252,user1252@example.com,Cannot sign in,My password reset link is expired and I am locked out.,2024-08-21T04:00:00Z
L-01253,user1253@example.com,Refund request,Please refund the duplicate charge on my invoice.,2024-08-22T05:00:00Z
L-01254,user1254@example.com,Refund request,Please refund the duplicate charge on my invoice.,2024-08-23T06:00:00Z
L-01255,user1255@example.com,Thanks,Great job on the latest release.,2024-08-24T07:00:00Z
L-01256,user1256@example.com,Crash on export,Export fails with an error and the app crashes.,2024-08-25T08:00:00Z
L-01257,user1257@example.com,Cannot sign in,My password reset link is expired and I am locked out.,2024-08-26T09:00:00Z
L-01258,user1258@example.com,Feature idea,It would be great to have a feature for scheduled reports.,2024-08-27T10:00:00Z
L-01259,user1259@example.com,Refund request,Please refund the duplicate charge on my invoice.,2024-08-28T11:00:00Z
L-01260,user1260@example.com,Crash on export,Export fails with an error and the app crashes.,2024-08-01T12:00:00Z
L-01261,user1261@example.com,Feature idea,It would be great to have a feature for scheduled reports.,2024-08-02T13:00:00Z
L-01262,user1262@example.com,Thanks,Great job on the latest release.,2024-08-03T14:00:00Z
L-01263,user1263@example.com,Cannot sign in,My password reset link is expired and I am locked out.,2024-08-04T15:00:00Z
L-01264,user1264@example.com,Feature idea,It would be great to have a feature for scheduled reports.,2024-08-05T16:00:00Z
L-01265,user1265@example.com,Feature idea,It would be great to have a feature for scheduled reports.,2024-08-06T17:00:00Z
L-01266,user1266@example.com,Thanks,Great job on the latest release.,2024-08-07T18:00:00Z
L-01267,user1267@example.com,Feature idea,It would be great to have a feature for scheduled reports.,2024-08-08T19:00:00Z
L-01268,user1268@example.com,Crash on export,Export fails with an error and the app crashes.,2024-08-09T20:00:00Z
L-01269,user1269@example.com,Refund request,Please refund the duplicate charge on my invoice.,2024-08-10T21:00:00Z
L-01270,user1270@example.com,Feature idea,It would be great to have a feature for scheduled reports.,2024-08-11T22:00:00Z
L-01271,user1271@example.com,Refund request,Please refund the duplicate charge on my invoice.,2024-08-12T23:00:00Z
L-01272,user1272@example.com,Cannot sign in,My password reset link is expired and I am locked out.,2024-08-13T00:00:00Z
L-01273,user1273@example.com,Cannot sign in,My password reset link is expired and I am locked out.,2024-08-14T01:00:00Z
L-01274,user1274@example.com,Thanks,Great job on the latest release.,2024-08-15T02:00:00Z
L-01275,user1275@example.com,Crash on export,Export fails with an error and the app crashes.,2024-08-16T03:00:00Z
L-01276,user1276@example.com,Crash on export,Export fails with an error and the app crashes.,2024-08-17T04:00:00Z
L-01277,user1277@example.com,Refund request,Please refund the duplicate charge on my invoice.,2024-08-18T05:00:00Z
L-01278,user1278@example.com,Thanks,Great job on the latest release.,2024-08-19T06:00:00Z
L-01279,user1279@example.com,Thanks,Great job on the latest release.,2024-08-20T07:00:00Z
L-01280,user1280@example.com,Refund request,Please refund the duplicate charge on my invoice.,2024-08-21T08:00:00Z
L-01281,user1281@example.com,Cannot sign in,My password reset link is expired and I am locked out.,2024-08-22T09:00:00Z
L-01282,user1282@example.com,Refund request,Please refund the duplicate charge on my invoice.,2024-08-23T10:00:00Z
L-01283,broken-email,Cannot sign in,My password reset link is expired and I am locked out.,2024-08-24T11:00:00Z
L-01284,user1284@example.com,Cannot sign in,My password reset link is expired and I am locked out.,2024-08-25T12:00:00Z
L-01285,user1285@example.com,Thanks,Great job on the latest release.,2024-08-26T13:00:00Z
L-01286,user1286@example.com,Thanks,Great job on the latest release.,2024-08-27T14:00:00Z
L-01287,user1287@example.com,Refund request,Please refund the duplicate charge on my invoice.,2024-08-28T15:00:00Z
L-01288,user1288@example.com,Thanks,Great job on the latest release.,2024-08-01T16:00:00Z
L-01289,user1289@example.com,Thanks,Great job on the latest release.,2024-08-02T17:00:00Z
L-01290,user1290@example.com,Feature idea,It would be great to have a feature for scheduled reports.,2024-08-03T18:00:00Z
L-01291,user1291@example.com,Feature idea,It would be great to have a feature for scheduled reports.,2024-08-04T19:00:00Z
L-01292,user1292@example.com,Thanks,Great job on the latest release.,2024-08-05T20:00:00Z
L-01293,user1293@example.com,Refund request,Please refund the duplicate charge on my invoice.,2024-08-06T21:00:00Z
L-01294,user1294@example.com,Refund request,Please refund the duplicate charge on my invoice.,2024-08-07T22:00:00Z
L-01295,user1295@example.com,Refund request,Please refund the duplicate charge on my invoice.,2024-08-08T23:00:00Z
L-01296,user1296@example.com,Thanks,Great job on the latest release.,2024-08-09T00:00:00Z
L-01297,user1297@example.com,Crash on export,Export fails with an error and the app crashes.,2024-08-10T01:00:00Z
L-01298,user1298@example.com,Crash on export,Export fails with an error and the app crashes.,2024-08-11T02:00:00Z
L-01299,user1299@example.com,Crash on export,Export fails with an error and the app crashes.,2024-08-12T03:00:00Z
L-01300,user1300@example.com,Cannot sign in,My password reset link is expired and I am locked out.,2024-08-13T04:00:00Z
L-01301,user1301@example.com,Thanks,Great job on the latest release.,2024-08-14T05:00:00Z
L-01302,user1302@example.com,Thanks,Great job on the latest release.,2024-08-15T06:00:00Z
L-01303,user1303@example.com,Thanks,Great job on the latest release.,2024-08-16T07:00:00Z
L-01304,user1304@example.com,Refund request,Please refund the duplicate charge on my invoice.,2024-08-17T08:00:00Z
L-01305,user1305@example.com,Cannot sign in,My password reset link is expired and I am locked out.,2024-08-18T09:00:00Z
L-01306,user1306@example.com,Refund request,Please refund the duplicate charge on my invoice.,2024-08-19T10:00:00Z
L-01307,user1307@example.com,Cannot sign in,My password reset link is expired and I am locked out.,2024-08-20T11:00:00Z
L-01308,user1308@example.com,Feature idea,It would be great to have a feature for scheduled reports.,2024-08-21T12:00:00Z
L-01309,user1309@example.com,Refund request,Please refund the duplicate charge on my invoice.,2024-08-22T13:00:00Z
L-01310,user1310@example.com,Refund request,Please refund the duplicate charge on my invoice.,2024-08-23T14:00:00Z
L-01311,user1311@example.com,Feature idea,It would be great to have a feature for scheduled reports.,2024-08-24T15:00:00Z
L-01312,user1312@example.com,Feature idea,It would be great to have a feature for scheduled reports.,2024-08-25T16:00:00Z
L-01313,user1313@example.com,Cannot sign in,My password reset link is expired and I am locked out.,2024-08-26T17:00:00Z
L-01314,user1314@example.com,Crash on export,Export fails with an error and the app crashes.,2024-08-27T18:00:00Z
L-01315,user1315@example.com,Crash on export,Export fails with an error and the app crashes.,2024-08-28T19:00:00Z
L-01316,user1316@example.com,Refund request,Please refund the duplicate charge on my invoice.,2024-08-01T20:00:00Z
L-01317,user1317@example.com,Feature idea,It would be great to have a feature for scheduled reports.,2024-08-02T21:00:00Z
L-01318,user1318@example.com,Crash on export,Export fails with an error and the app crashes.,2024-08-03T22:00:00Z
L-01319,user1319@example.com,Crash on export,Export fails with an error and the app crashes.,2024-08-04T23:00:00Z
L-01320,user1320@example.com,Thanks,Great job on the latest release.,2024-08-05T00:00:00Z
L-01321,user1321@example.com,Feature idea,It would be great to have a feature for scheduled reports.,2024-08-06T01:00:00Z
L-01322,broken-email,Thanks,Great job on the latest release.,2024-08-07T02:00:00Z
L-01323,user1323@example.com,Cannot sign in,My password reset link is expired and I am locked out.,2024-08-08T03:00:00Z
L-01324,user1324@example.com,Cannot sign in,My password reset link is expired and I am locked out.,2024-08-09T04:00:00Z
L-01325,user1325@example.com,Crash on export,Export fails with an error and the app crashes.,2024-08-10T05:00:00Z
L-01326,user1326@example.com,Feature idea,It would be great to have a feature for scheduled reports.,2024-08-11T06:00:00Z
L-01327,user1327@example.com,Feature idea,It would be great to have a feature for scheduled reports.,2024-08-12T07:00:00Z
L-01328,user1328@example.com,Refund request,Please refund the duplicate charge on my invoice.,2024-08-13T08:00:00Z
L-01329,user1329@example.com,Feature idea,It would be great to have a feature for scheduled reports.,2024-08-14T09:00:00Z
L-01330,user1330@example.com,Cannot sign in,My password reset link is expired and I am locked out.,2024-08-15T10:00:00Z
L-01331,user1331@example.com,Feature idea,It would be great to have a feature for scheduled reports.,2024-08-16T11:00:00Z
L-01332,user1332@example.com,Cannot sign in,My password reset link is expired and I am locked out.,2024-08-17T12:00:00Z
L-01333,user1333@example.com,Crash on export,Export fails with an error and the app crashes.,2024-08-18T13:00:00Z
L-01334,user1334@example.com,Refund request,Please refund the duplicate charge on my invoice.,2024-08-19T14:00:00Z
L-01335,user1335@example.com,Cannot sign in,My password reset link is expired and I am locked out.,2024-08-20T15:00:00Z
L-01336,user1336@example.com,Thanks,Great job on the latest release.,2024-08-21T16:00:00Z
L-01337,user1337@example.com,Thanks,Great job on the latest release.,2024-08-22T17:00:00Z
L-01338,user1338@example.com,Thanks,Great job on the latest release.,2024-08-23T18:00:00Z
L-01339,user1339@example.com,Refund request,Please refund the duplicate charge on my invoice.,2024-08-24T19:00:00Z
L-01340,user1340@example.com,Crash on export,Export fails with an error and the app crashes.,2024-08-25T20:00:00Z
L-01341,user1341@example.com,Refund request,Please refund the duplicate charge on my invoice.,2024-08-26T21:00:00Z
L-01342,user1342@example.com,Thanks,Great job on the latest release.,2024-08-27T22:00:00Z
L-01343,user1343@example.com,Refund request,Please refund the duplicate charge on my invoice.,2024-08-28T23:00:00Z
L-01344,user1344@example.com,Cannot sign in,My password reset link is expired and I am locked out.,2024-08-01T00:00:00Z
L-01345,user1345@example.com,Feature idea,It would be great to have a feature for scheduled reports.,2024-08-02T01:00:00Z
L-01346,user1346@example.com,Refund request,Please refund the duplicate charge on my invoice.,2024-08-03T02:00:00Z
L-01347,user1347@example.com,Crash on export,Export fails with an error and the app crashes.,2024-08-04T03:00:00Z
L-01348,user1348@example.com,Thanks,Great job on the latest release.,2024-08-05T04:00:00Z
L-01349,user1349@example.com,Refund request,Please refund the duplicate charge on my invoice.,2024-08-06T05:00:00Z
L-01350,user1350@example.com,Refund request,Please refund the duplicate charge on my invoice.,2024-08-07T06:00:00Z
L-01351,user1351@example.com,Feature idea,It would be great to have a feature for scheduled reports.,2024-08-08T07:00:00Z
L-01352,user1352@example.com,Refund request,Please refund the duplicate charge on my invoice.,2024-08-09T08:00:00Z
L-01353,user1353@example.com,Refund request,Please refund the duplicate charge on my invoice.,2024-08-10T09:00:00Z
L-01354,broken-email,Feature idea,It would be great to have a feature for scheduled reports.,2024-08-11T10:00:00Z
L-01355,user1355@example.com,Thanks,Great job on the latest release.,2024-08-12T11:00:00Z
L-01356,user1356@example.com,Thanks,Great job on the latest release.,2024-08-13T12:00:00Z
L-01357,user1357@example.com,Feature idea,It would be great to have a feature for scheduled reports.,2024-08-14T13:00:00Z
L-01358,user1358@example.com,Crash on export,Export fails with an error and the app crashes.,2024-08-15T14:00:00Z
L-01359,user1359@example.com,Feature idea,It would be great to have a feature for scheduled reports.,2024-08-16T15:00:00Z
L-01360,user1360@example.com,Feature idea,It would be great to have a feature for scheduled reports.,2024-08-17T16:00:00Z
L-01361,user1361@example.com,Crash on export,Export fails with an error and the app crashes.,2024-08-18T17:00:00Z
L-01362,user1362@example.com,Feature idea,It would be great to have a feature for scheduled reports.,2024-08-19T18:00:00Z
L-01363,user1363@example.com,Thanks,Great job on the latest release.,2024-08-20T19:00:00Z
L-01364,user1364@example.com,Refund request,Please refund the duplicate charge on my invoice.,2024-08-21T20:00:00Z
L-01365,user1365@example.com,Refund request,Please refund the duplicate charge on my invoice.,2024-08-22T21:00:00Z
L-01366,user1366@example.com,Cannot sign in,My password reset link is expired and I am locked out.,2024-08-23T22:00:00Z
L-01367,user1367@example.com,Thanks,Great job on the latest release.,2024-08-24T23:00:00Z
L-01368,user1368@example.com,Cannot sign in,My password reset link is expired and I am locked out.,2024-08-25T00:00:00Z
L-01369,user1369@example.com,Crash on export,Export fails with an error and the app crashes.,2024-08-26T01:00:00Z
L-01370,user1370@example.com,Cannot sign in,My password reset link is expired and I am locked out.,2024-08-27T02:00:00Z
L-01371,user1371@example.com,Crash on export,Export fails with an error and the app crashes.,2024-08-28T03:00:00Z
L-01372,user1372@example.com,Crash on export,Export fails with an error and the app crashes.,2024-08-01T04:00:00Z
L-01373,user1373@example.com,Crash on export,Export fails with an error and the app crashes.,2024-08-02T05:00:00Z
L-01374,user1374@example.com,Cannot sign in,My password reset link is expired and I am locked out.,2024-08-03T06:00:00Z
L-01375,user1375@example.com,Cannot sign in,My password reset link is expired and I am locked out.,2024-08-04T07:00:00Z
L-01376,broken-email,Thanks,Great job on the latest release.,2024-08-05T08:00:00Z
L-01377,user1377@example.com,Feature idea,It would be great to have a feature for scheduled reports.,2024-08-06T09:00:00Z
L-01378,user1378@example.com,Crash on export,Export fails with an error and the app crashes.,2024-08-07T10:00:00Z
L-01379,user1379@example.com,Crash on export,Export fails with an error and the app crashes.,2024-08-08T11:00:00Z
L-01380,user1380@example.com,Refund request,Please refund the duplicate charge on my invoice.,2024-08-09T12:00:00Z
L-01381,user1381@example.com,Crash on export,Export fails with an error and the app crashes.,2024-08-10T13:00:00Z
L-01382,user1382@example.com,Thanks,Great job on the latest release.,2024-08-11T14:00:00Z
L-01383,user1383@example.com,Thanks,Great job on the latest release.,2024-08-12T15:00:00Z
L-01384,user1384@example.com,Feature idea,It would be great to have a feature for scheduled reports.,2024-08-13T16:00:00Z
L-01385,user1385@example.com,Crash on export,Export fails with an error and the app crashes.,2024-08-14T17:00:00Z
L-01386,user1386@example.com,Feature idea,It would be great to have a feature for scheduled reports.,2024-08-15T18:00:00Z
L-01387,user1387@example.com,Refund request,Please refund the duplicate charge on my invoice.,2024-08-16T19:00:00Z
L-01388,user1388@example.com,Cannot sign in,My password reset link is expired and I am locked out.,2024-08-17T20:00:00Z
L-01389,user1389@example.com,Cannot sign in,My password reset link is expired and I am locked out.,2024-08-18T21:00:00Z
L-01390,user1390@example.com,Feature idea,It would be great to have a feature for scheduled reports.,2024-08-19T22:00:00Z
L-01391,user1391@example.com,Refund request,Please refund the duplicate charge on my invoice.,2024-08-20T23:00:00Z
L-01392,user1392@example.com,Crash on export,Export fails with an error and the app crashes.,2024-08-21T00:00:00Z
L-01393,user1393@example.com,Feature idea,It would be great to have a feature for scheduled reports.,2024-08-22T01:00:00Z
L-01394,user1394@example.com,Thanks,Great job on the latest release.,2024-08-23T02:00:00Z
L-01395,user1395@example.com,Thanks,Great job on the latest release.,2024-08-24T03:00:00Z
L-01396,user1396@example.com,Feature idea,It would be great to have a feature for scheduled reports.,2024-08-25T04:00:00Z
L-01397,user1397@example.com,Refund request,Please refund the duplicate charge on my invoice.,2024-08-26T05:00:00Z
L-01398,user1398@example.com,Crash on export,Export fails with an error and the app crashes.,2024-08-27T06:00:00Z
L-01399,user1399@example.com,Thanks,Great job on the latest release.,2024-08-28T07:00:00Z
L-01400,user1400@example.com,Cannot sign in,My password reset link is expired and I am locked out.,2024-08-01T08:00:00Z
L-01401,user1401@example.com,Cannot sign in,My password reset link is expired and I am locked out.,2024-08-02T09:00:00Z
L-01402,broken-email,Refund request,Please refund the duplicate charge on my invoice.,2024-08-03T10:00:00Z
L-01403,user1403@example.com,Refund request,Please refund the duplicate charge on my invoice.,2024-08-04T11:00:00Z
L-01404,user1404@example.com,Feature idea,It would be great to have a feature for scheduled reports.,2024-08-05T12:00:00Z
L-01405,user1405@example.com,Refund request,Please refund the duplicate charge on my invoice.,2024-08-06T13:00:00Z
L-01406,user1406@example.com,Cannot sign in,My password reset link is expired and I am locked out.,2024-08-07T14:00:00Z
L-01407,user1407@example.com,Refund request,Please refund the duplicate charge on my invoice.,2024-08-08T15:00:00Z
L-01408,user1408@example.com,Crash on export,Export fails with an error and the app crashes.,2024-08-09T16:00:00Z
L-01409,user1409@example.com,Crash on export,Export fails with an error and the app crashes.,2024-08-10T17:00:00Z
L-01410,user1410@example.com,Refund request,Please refund the duplicate charge on my invoice.,2024-08-11T18:00:00Z
L-01411,user1411@example.com,Refund request,Please refund the duplicate charge on my invoice.,2024-08-12T19:00:00Z
L-01412,user1412@example.com,Feature idea,It would be great to have a feature for scheduled reports.,2024-08-13T20:00:00Z
L-01413,user1413@example.com,Thanks,Great job on the latest release.,2024-08-14T21:00:00Z
L-01414,user1414@example.com,Refund request,Please refund the duplicate charge on my invoice.,2024-08-15T22:00:00Z
L-01415,broken-email,Refund request,Please refund the duplicate charge on my invoice.,2024-08-16T23:00:00Z
L-01416,user1416@example.com,Crash on export,Export fails with an error and the app crashes.,2024-08-17T00:00:00Z
L-01417,user1417@example.com,Thanks,Great job on the latest release.,2024-08-18T01:00:00Z
L-01418,user1418@example.com,Thanks,Great job on the latest release.,2024-08-19T02:00:00Z
L-01419,broken-email,Feature idea,It would be great to have a feature for scheduled reports.,2024-08-20T03:00:00Z
L-01420,user1420@example.com,Cannot sign in,My password reset link is expired and I am locked out.,2024-08-21T04:00:00Z
L-01421,user1421@example.com,Thanks,Great job on the latest release.,2024-08-22T05:00:00Z
L-01422,user1422@example.com,Feature idea,It would be great to have a feature for scheduled reports.,2024-08-23T06:00:00Z
L-01423,user1423@example.com,Thanks,Great job on the latest release.,2024-08-24T07:00:00Z
L-01424,user1424@example.com,Refund request,Please refund the duplicate charge on my invoice.,2024-08-25T08:00:00Z
L-01425,user1425@example.com,Feature idea,It would be great to have a feature for scheduled reports.,2024-08-26T09:00:00Z
L-01426,user1426@example.com,Crash on export,Export fails with an error and the app crashes.,2024-08-27T10:00:00Z
L-01427,user1427@example.com,Crash on export,Export fails with an error and the app crashes.,2024-08-28T11:00:00Z
L-01428,user1428@example.com,Thanks,Great job on the latest release.,2024-08-01T12:00:00Z
L-01429,user1429@example.com,Cannot sign in,My password reset link is expired and I am locked out.,2024-08-02T13:00:00Z
L-01430,user1430@example.com,Cannot sign in,My password reset link is expired and I am locked out.,2024-08-03T14:00:00Z
L-01431,user1431@example.com,Feature idea,It would be great to have a feature for scheduled reports.,2024-08-04T15:00:00Z
L-01432,user1432@example.com,Thanks,Great job on the latest release.,2024-08-05T16:00:00Z
L-01433,user1433@example.com,Thanks,Great job on the latest release.,2024-08-06T17:00:00Z
L-01434,user1434@example.com,Refund request,Please refund the duplicate charge on my invoice.,2024-08-07T18:00:00Z
L-01435,user1435@example.com,Refund request,Please refund the duplicate charge on my invoice.,2024-08-08T19:00:00Z
L-01436,user1436@example.com,Feature idea,It would be great to have a feature for scheduled reports.,2024-08-09T20:00:00Z
L-01437,user1437@example.com,Thanks,Great job on the latest release.,2024-08-10T21:00:00Z
L-01438,user1438@example.com,Refund request,Please refund the duplicate charge on my invoice.,2024-08-11T22:00:00Z
L-01439,user1439@example.com,Cannot sign in,My password reset link is expired and I am locked out.,2024-08-12T23:00:00Z
L-01440,user1440@example.com,Cannot sign in,My password reset link is expired and I am locked out.,2024-08-13T00:00:00Z
L-01441,user1441@example.com,Refund request,Please refund the duplicate charge on my invoice.,2024-08-14T01:00:00Z
L-01442,user1442@example.com,Cannot sign in,My password reset link is expired and I am locked out.,2024-08-15T02:00:00Z
L-01443,user1443@example.com,Thanks,Great job on the latest release.,2024-08-16T03:00:00Z
L-01444,user1444@example.com,Crash on export,Export fails with an error and the app crashes.,2024-08-17T04:00:00Z
L-01445,user1445@example.com,Crash on export,Export fails with an error and the app crashes.,2024-08-18T05:00:00Z
L-01446,user1446@example.com,Refund request,Please refund the duplicate charge on my invoice.,2024-08-19T06:00:00Z
L-01447,user1447@example.com,Feature idea,It would be great to have a feature for scheduled reports.,2024-08-20T07:00:00Z
L-01448,user1448@example.com,Refund request,Please refund the duplicate charge on my invoice.,2024-08-21T08:00:00Z
L-01449,user1449@example.com,Refund request,Please refund the duplicate charge on my invoice.,2024-08-22T09:00:00Z
L-01450,user1450@example.com,Refund request,Please refund the duplicate charge on my invoice.,2024-08-23T10:00:00Z
L-01451,user1451@example.com,Feature idea,It would be great to have a feature for scheduled reports.,2024-08-24T11:00:00Z
L-01452,user1452@example.com,Crash on export,Export fails with an error and the app crashes.,2024-08-25T12:00:00Z
L-01453,user1453@example.com,Crash on export,Export fails with an error and the app crashes.,2024-08-26T13:00:00Z
L-01454,user1454@example.com,Refund request,Please refund the duplicate charge on my invoice.,2024-08-27T14:00:00Z
L-01455,user1455@example.com,Feature idea,It would be great to have a feature for scheduled reports.,2024-08-28T15:00:00Z
L-01456,user1456@example.com,Refund request,Please refund the duplicate charge on my invoice.,2024-08-01T16:00:00Z
L-01457,user1457@example.com,Thanks,Great job on the latest release.,2024-08-02T17:00:00Z
L-01458,user1458@example.com,Thanks,Great job on the latest release.,2024-08-03T18:00:00Z
L-01459,user1459@example.com,Feature idea,It would be great to have a feature for scheduled reports.,2024-08-04T19:00:00Z
L-01460,user1460@example.com,Thanks,Great job on the latest release.,2024-08-05T20:00:00Z
L-01461,user1461@example.com,Feature idea,It would be great to have a feature for scheduled reports.,2024-08-06T21:00:00Z
L-01462,user1462@example.com,Feature idea,It would be great to have a feature for scheduled reports.,2024-08-07T22:00:00Z
L-01463,user1463@example.com,Thanks,Great job on the latest release.,2024-08-08T23:00:00Z
L-01464,user1464@example.com,Thanks,Great job on the latest release.,2024-08-09T00:00:00Z
L-01465,user1465@example.com,Crash on export,Export fails with an error and the app crashes.,2024-08-10T01:00:00Z
L-01466,user1466@example.com,Thanks,Great job on the latest release.,2024-08-11T02:00:00Z
L-01467,user1467@example.com,Cannot sign in,My password reset link is expired and I am locked out.,2024-08-12T03:00:00Z
L-01468,user1468@example.com,Feature idea,It would be great to have a feature for scheduled reports.,2024-08-13T04:00:00Z
L-01469,user1469@example.com,Feature idea,It would be great to have a feature for scheduled reports.,2024-08-14T05:00:00Z
L-01470,user1470@example.com,Feature idea,It would be great to have a feature for scheduled reports.,2024-08-15T06:00:00Z
L-01471,user1471@example.com,Crash on export,Export fails with an error and the app crashes.,2024-08-16T07:00:00Z
L-01472,user1472@example.com,Thanks,Great job on the latest release.,2024-08-17T08:00:00Z
L-01473,user1473@example.com,Cannot sign in,My password reset link is expired and I am locked out.,2024-08-18T09:00:00Z
L-01474,user1474@example.com,Cannot sign in,My password reset link is expired and I am locked out.,2024-08-19T10:00:00Z
L-01475,user1475@example.com,Thanks,Great job on the latest release.,2024-08-20T11:00:00Z
L-01476,user1476@example.com,Cannot sign in,My password reset link is expired and I am locked out.,2024-08-21T12:00:00Z
L-01477,user1477@example.com,Crash on export,Export fails with an error and the app crashes.,2024-08-22T13:00:00Z
L-01478,user1478@example.com,Cannot sign in,My password reset link is expired and I am locked out.,2024-08-23T14:00:00Z
L-01479,user1479@example.com,Crash on export,Export fails with an error and the app crashes.,2024-08-24T15:00:00Z
L-01480,broken-email,Feature idea,It would be great to have a feature for scheduled reports.,2024-08-25T16:00:00Z
L-01481,user1481@example.com,Thanks,Great job on the latest release.,2024-08-26T17:00:00Z
L-01482,user1482@example.com,Cannot sign in,My password reset link is expired and I am locked out.,2024-08-27T18:00:00Z
L-01483,user1483@example.com,Thanks,Great job on the latest release.,2024-08-28T19:00:00Z
L-01484,user1484@example.com,Thanks,Great job on the latest release.,2024-08-01T20:00:00Z
L-01485,user1485@example.com,Crash on export,Export fails with an error and the app crashes.,2024-08-02T21:00:00Z
L-01486,user1486@example.com,Refund request,Please refund the duplicate charge on my invoice.,2024-08-03T22:00:00Z
L-01487,user1487@example.com,Cannot sign in,My password reset link is expired and I am locked out.,2024-08-04T23:00:00Z
L-01488,user1488@example.com,Feature idea,It would be great to have a feature for scheduled reports.,2024-08-05T00:00:00Z
L-01489,user1489@example.com,Feature idea,It would be great to have a feature for scheduled reports.,2024-08-06T01:00:00Z
L-01490,user1490@example.com,Refund request,Please refund the duplicate charge on my invoice.,2024-08-07T02:00:00Z
L-01491,user1491@example.com,Thanks,Great job on the latest release.,2024-08-08T03:00:00Z
L-01492,user1492@example.com,Refund request,Please refund the duplicate charge on my invoice.,2024-08-09T04:00:00Z
L-01493,user1493@example.com,Cannot sign in,My password reset link is expired and I am locked out.,2024-08-10T05:00:00Z
L-01494,user1494@example.com,Cannot sign in,My password reset link is expired and I am locked out.,2024-08-11T06:00:00Z
L-01495,user1495@example.com,Feature idea,It would be great to have a feature for scheduled reports.,2024-08-12T07:00:00Z
L-01496,broken-email,Cannot sign in,My password reset link is expired and I am locked out.,2024-08-13T08:00:00Z
L-01497,user1497@example.com,Cannot sign in,My password reset link is expired and I am locked out.,2024-08-14T09:00:00Z
L-01498,user1498@example.com,Crash on export,Export fails with an error and the app crashes.,2024-08-15T10:00:00Z
L-01499,broken-email,Refund request,Please refund the duplicate charge on my invoice.,2024-08-16T11:00:00Z
L-01500,user1500@example.com,Thanks,Great job on the latest release.,2024-08-17T12:00:00Z
L-01501,user1501@example.com,Crash on export,Export fails with an error and the app crashes.,2024-08-18T13:00:00Z
L-01502,user1502@example.com,Crash on export,Export fails with an error and the app crashes.,2024-08-19T14:00:00Z
L-01503,user1503@example.com,Refund request,Please refund the duplicate charge on my invoice.,2024-08-20T15:00:00Z
L-01504,user1504@example.com,Refund request,Please refund the duplicate charge on my invoice.,2024-08-21T16:00:00Z
L-01505,user1505@example.com,Thanks,Great job on the latest release.,2024-08-22T17:00:00Z
L-01506,user1506@example.com,Refund request,Please refund the duplicate charge on my invoice.,2024-08-23T18:00:00Z
L-01507,user1507@example.com,Crash on export,Export fails with an error and the app crashes.,2024-08-24T19:00:00Z
L-01508,user1508@example.com,Cannot sign in,My password reset link is expired and I am locked out.,2024-08-25T20:00:00Z
L-01509,user1509@example.com,Feature idea,It would be great to have a feature for scheduled reports.,2024-08-26T21:00:00Z
L-01510,user1510@example.com,Refund request,Please refund the duplicate charge on my invoice.,2024-08-27T22:00:00Z
L-01511,user1511@example.com,Feature idea,It would be great to have a feature for scheduled reports.,2024-08-28T23:00:00Z
L-01512,user1512@example.com,Thanks,Great job on the latest release.,2024-08-01T00:00:00Z
L-01513,user1513@example.com,Feature idea,It would be great to have a feature for scheduled reports.,2024-08-02T01:00:00Z
L-01514,user1514@example.com,Refund request,Please refund the duplicate charge on my invoice.,2024-08-03T02:00:00Z
L-01515,user1515@example.com,Feature idea,It would be great to have a feature for scheduled reports.,2024-08-04T03:00:00Z
L-01516,user1516@example.com,Feature idea,It would be great to have a feature for scheduled reports.,2024-08-05T04:00:00Z
L-01517,user1517@example.com,Thanks,Great job on the latest release.,2024-08-06T05:00:00Z
L-01518,user1518@example.com,Thanks,Great job on the latest release.,2024-08-07T06:00:00Z
L-01519,user1519@example.com,Thanks,Great job on the latest release.,2024-08-08T07:00:00Z
L-01520,user1520@example.com,Feature idea,It would be great to have a feature for scheduled reports.,2024-08-09T08:00:00Z
L-01521,user1521@example.com,Cannot sign in,My password reset link is expired and I am locked out.,2024-08-10T09:00:00Z
L-01522,user1522@example.com,Feature idea,It would be great to have a feature for scheduled reports.,2024-08-11T10:00:00Z
L-01523,user1523@example.com,Thanks,Great job on the latest release.,2024-08-12T11:00:00Z
L-01524,user1524@example.com,Crash on export,Export fails with an error and the app crashes.,2024-08-13T12:00:00Z
L-01525,user1525@example.com,Thanks,Great job on the latest release.,2024-08-14T13:00:00Z
L-01526,user1526@example.com,Thanks,Great job on the latest release.,2024-08-15T14:00:00Z
L-01527,user1527@example.com,Refund request,Please refund the duplicate charge on my invoice.,2024-08-16T15:00:00Z
L-01528,user1528@example.com,Refund request,Please refund the duplicate charge on my invoice.,2024-08-17T16:00:00Z
L-01529,user1529@example.com,Feature idea,It would be great to have a feature for scheduled reports.,2024-08-18T17:00:00Z
L-01530,user1530@example.com,Thanks,Great job on the latest release.,2024-08-19T18:00:00Z
L-01531,user1531@example.com,Refund request,Please refund the duplicate charge on my invoice.,2024-08-20T19:00:00Z
L-01532,user1532@example.com,Feature idea,It would be great to have a feature for scheduled reports.,2024-08-21T20:00:00Z
L-01533,user1533@example.com,Crash on export,Export fails with an error and the app crashes.,2024-08-22T21:00:00Z
L-01534,user1534@example.com,Refund request,Please refund the duplicate charge on my invoice.,2024-08-23T22:00:00Z
L-01535,user1535@example.com,Refund request,Please refund the duplicate charge on my invoice.,2024-08-24T23:00:00Z
L-01536,user1536@example.com,Feature idea,It would be great to have a feature for scheduled reports.,2024-08-25T00:00:00Z
L-01537,user1537@example.com,Refund request,Please refund the duplicate charge on my invoice.,2024-08-26T01:00:00Z
L-01538,user1538@example.com,Thanks,Great job on the latest release.,2024-08-27T02:00:00Z
L-01539,user1539@example.com,Crash on export,Export fails with an error and the app crashes.,2024-08-28T03:00:00Z
L-01540,user1540@example.com,Feature idea,It would be great to have a feature for scheduled reports.,2024-08-01T04:00:00Z
L-01541,user1541@example.com,Cannot sign in,My password reset link is expired and I am locked out.,2024-08-02T05:00:00Z
L-01542,user1542@example.com,Feature idea,It would be great to have a feature for scheduled reports.,2024-08-03T06:00:00Z
L-01543,user1543@example.com,Crash on export,Export fails with an error and the app crashes.,2024-08-04T07:00:00Z
L-01544,user1544@example.com,Feature idea,It would be great to have a feature for scheduled reports.,2024-08-05T08:00:00Z
L-01545,user1545@example.com,Feature idea,It would be great to have a feature for scheduled reports.,2024-08-06T09:00:00Z
L-01546,user1546@example.com,Feature idea,It would be great to have a feature for scheduled reports.,2024-08-07T10:00:00Z
L-01547,user1547@example.com,Crash on export,Export fails with an error and the app crashes.,2024-08-08T11:00:00Z
L-01548,user1548@example.com,Refund request,Please refund the duplicate charge on my invoice.,2024-08-09T12:00:00Z
L-01549,user1549@example.com,Cannot sign in,My password reset link is expired and I am locked out.,2024-08-10T13:00:00Z
L-01550,user1550@example.com,Refund request,Please refund the duplicate charge on my invoice.,2024-08-11T14:00:00Z
L-01551,user1551@example.com,Cannot sign in,My password reset link is expired and I am locked out.,2024-08-12T15:00:00Z
L-01552,user1552@example.com,Crash on export,Export fails with an error and the app crashes.,2024-08-13T16:00:00Z
L-01553,user1553@example.com,Refund request,Please refund the duplicate charge on my invoice.,2024-08-14T17:00:00Z
L-01554,user1554@example.com,Feature idea,It would be great to have a feature for scheduled reports.,2024-08-15T18:00:00Z
L-01555,user1555@example.com,Crash on export,Export fails with an error and the app crashes.,2024-08-16T19:00:00Z
L-01556,user1556@example.com,Thanks,Great job on the latest release.,2024-08-17T20:00:00Z
L-01557,user1557@example.com,Crash on export,Export fails with an error and the app crashes.,2024-08-18T21:00:00Z
L-01558,user1558@example.com,Cannot sign in,My password reset link is expired and I am locked out.,2024-08-19T22:00:00Z
L-01559,user1559@example.com,Crash on export,Export fails with an error and the app crashes.,2024-08-20T23:00:00Z
L-01560,user1560@example.com,Feature idea,It would be great to have a feature for scheduled reports.,2024-08-21T00:00:00Z
L-01561,user1561@example.com,Refund request,Please refund the duplicate charge on my invoice.,2024-08-22T01:00:00Z
L-01562,user1562@example.com,Refund request,Please refund the duplicate charge on my invoice.,2024-08-23T02:00:00Z
L-01563,user1563@example.com,Crash on export,Export fails with an error and the app crashes.,2024-08-24T03:00:00Z
L-01564,user1564@example.com,Feature idea,It would be great to have a feature for scheduled reports.,2024-08-25T04:00:00Z
L-01565,user1565@example.com,Thanks,Great job on the latest release.,2024-08-26T05:00:00Z
L-01566,user1566@example.com,Thanks,Great job on the latest release.,2024-08-27T06:00:00Z
L-01567,user1567@example.com,Feature idea,It would be great to have a feature for scheduled reports.,2024-08-28T07:00:00Z
L-01568,user1568@example.com,Refund request,Please refund the duplicate charge on my invoice.,2024-08-01T08:00:00Z
L-01569,user1569@example.com,Refund request,Please refund the duplicate charge on my invoice.,2024-08-02T09:00:00Z
L-01570,user1570@example.com,Thanks,Great job on the latest release.,2024-08-03T10:00:00Z
L-01571,user1571@example.com,Crash on export,Export fails with an error and the app crashes.,2024-08-04T11:00:00Z
L-01572,broken-email,Refund request,Please refund the duplicate charge on my invoice.,2024-08-05T12:00:00Z
L-01573,user1573@example.com,Cannot sign in,My password reset link is expired and I am locked out.,2024-08-06T13:00:00Z
L-01574,user1574@example.com,Feature idea,It would be great to have a feature for scheduled reports.,2024-08-07T14:00:00Z
L-01575,user1575@example.com,Thanks,Great job on the latest release.,2024-08-08T15:00:00Z
L-01576,user1576@example.com,Cannot sign in,My password reset link is expired and I am locked out.,2024-08-09T16:00:00Z
L-01577,user1577@example.com,Refund request,Please refund the duplicate charge on my invoice.,2024-08-10T17:00:00Z
L-01578,user1578@example.com,Feature idea,It would be great to have a feature for scheduled reports.,2024-08-11T18:00:00Z
L-01579,user1579@example.com,Cannot sign in,My password reset link is expired and I am locked out.,2024-08-12T19:00:00Z
L-01580,broken-email,Thanks,Great job on the latest release.,2024-08-13T20:00:00Z
L-01581,user1581@example.com,Feature idea,It would be great to have a feature for scheduled reports.,2024-08-14T21:00:00Z
L-01582,user1582@example.com,Cannot sign in,My password reset link is expired and I am locked out.,2024-08-15T22:00:00Z
L-01583,user1583@example.com,Refund request,Please refund the duplicate charge on my invoice.,2024-08-16T23:00:00Z
L-01584,user1584@example.com,Feature idea,It would be great to have a feature for scheduled reports.,2024-08-17T00:00:00Z
L-01585,user1585@example.com,Refund request,Please refund the duplicate charge on my invoice.,2024-08-18T01:00:00Z
L-01586,user1586@example.com,Cannot sign in,My password reset link is expired and I am locked out.,2024-08-19T02:00:00Z
L-01587,user1587@example.com,Feature idea,It would be great to have a feature for scheduled reports.,2024-08-20T03:00:00Z
L-01588,user1588@example.com,Refund request,Please refund the duplicate charge on my invoice.,2024-08-21T04:00:00Z
L-01589,user1589@example.com,Feature idea,It would be great to have a feature for scheduled reports.,2024-08-22T05:00:00Z
L-01590,user1590@example.com,Refund request,Please refund the duplicate charge on my invoice.,2024-08-23T06:00:00Z
L-01591,user1591@example.com,Refund request,Please refund the duplicate charge on my invoice.,2024-08-24T07:00:00Z
L-01592,broken-email,Refund request,Please refund the duplicate charge on my invoice.,2024-08-25T08:00:00Z
L-01593,user1593@example.com,Thanks,Great job on the latest release.,2024-08-26T09:00:00Z
L-01594,user1594@example.com,Cannot sign in,My password reset link is expired and I am locked out.,2024-08-27T10:00:00Z
L-01595,user1595@example.com,Refund request,Please refund the duplicate charge on my invoice.,2024-08-28T11:00:00Z
L-01596,user1596@example.com,Cannot sign in,My password reset link is expired and I am locked out.,2024-08-01T12:00:00Z
L-01597,user1597@example.com,Thanks,Great job on the latest release.,2024-08-02T13:00:00Z
L-01598,user1598@example.com,Crash on export,Export fails with an error and the app crashes.,2024-08-03T14:00:00Z
L-01599,user1599@example.com,Feature idea,It would be great to have a feature for scheduled reports.,2024-08-04T15:00:00Z
L-01600,user1600@example.com,Thanks,Great job on the latest release.,2024-08-05T16:00:00Z
L-01601,user1601@example.com,Thanks,Great job on the latest release.,2024-08-06T17:00:00Z
L-01602,user1602@example.com,Refund request,Please refund the duplicate charge on my invoice.,2024-08-07T18:00:00Z
L-01603,user1603@example.com,Feature idea,It would be great to have a feature for scheduled reports.,2024-08-08T19:00:00Z
L-01604,user1604@example.com,Thanks,Great job on the latest release.,2024-08-09T20:00:00Z
L-01605,user1605@example.com,Crash on export,Export fails with an error and the app crashes.,2024-08-10T21:00:00Z
L-01606,user1606@example.com,Feature idea,It would be great to have a feature for scheduled reports.,2024-08-11T22:00:00Z
L-01607,user1607@example.com,Thanks,Great job on the latest release.,2024-08-12T23:00:00Z
L-01608,user1608@example.com,Crash on export,Export fails with an error and the app crashes.,2024-08-13T00:00:00Z
L-01609,user1609@example.com,Refund request,Please refund the duplicate charge on my invoice.,2024-08-14T01:00:00Z
L-01610,user1610@example.com,Thanks,Great job on the latest release.,2024-08-15T02:00:00Z
L-01611,user1611@example.com,Feature idea,It would be great to have a feature for scheduled reports.,2024-08-16T03:00:00Z
L-01612,user1612@example.com,Refund request,Please refund the duplicate charge on my invoice.,2024-08-17T04:00:00Z
L-01613,user1613@example.com,Cannot sign in,My password reset link is expired and I am locked out.,2024-08-18T05:00:00Z
L-01614,user1614@example.com,Cannot sign in,My password reset link is expired and I am locked out.,2024-08-19T06:00:00Z
L-01615,user1615@example.com,Refund request,Please refund the duplicate charge on my invoice.,2024-08-20T07:00:00Z
L-01616,user1616@example.com,Refund request,Please refund the duplicate charge on my invoice.,2024-08-21T08:00:00Z
L-01617,user1617@example.com,Refund request,Please refund the duplicate charge on my invoice.,2024-08-22T09:00:00Z
L-01618,user1618@example.com,Crash on export,Export fails with an error and the app crashes.,2024-08-23T10:00:00Z
L-01619,user1619@example.com,Crash on export,Export fails with an error and the app crashes.,2024-08-24T11:00:00Z
L-01620,user1620@example.com,Refund request,Please refund the duplicate charge on my invoice.,2024-08-25T12:00:00Z
L-01621,user1621@example.com,Refund request,Please refund the duplicate charge on my invoice.,2024-08-26T13:00:00Z
L-01622,user1622@example.com,Thanks,Great job on the latest release.,2024-08-27T14:00:00Z
L-01623,user1623@example.com,Refund request,Please refund the duplicate charge on my invoice.,2024-08-28T15:00:00Z
L-01624,user1624@example.com,Crash on export,Export fails with an error and the app crashes.,2024-08-01T16:00:00Z
L-01625,user1625@example.com,Refund request,Please refund the duplicate charge on my invoice.,2024-08-02T17:00:00Z
L-01626,user1626@example.com,Feature idea,It would be great to have a feature for scheduled reports.,2024-08-03T18:00:00Z
L-01627,user1627@example.com,Thanks,Great job on the latest release.,2024-08-04T19:00:00Z
L-01628,user1628@example.com,Crash on export,Export fails with an error and the app crashes.,2024-08-05T20:00:00Z
L-01629,user1629@example.com,Thanks,Great job on the latest release.,2024-08-06T21:00:00Z
L-01630,user1630@example.com,Crash on export,Export fails with an error and the app crashes.,2024-08-07T22:00:00Z
L-01631,user1631@example.com,Thanks,Great job on the latest release.,2024-08-08T23:00:00Z
L-01632,user1632@example.com,Thanks,Great job on the latest release.,2024-08-09T00:00:00Z
L-01633,user1633@example.com,Thanks,Great job on the latest release.,2024-08-10T01:00:00Z
L-01634,user1634@example.com,Cannot sign in,My password reset link is expired and I am locked out.,2024-08-11T02:00:00Z
L-01635,user1635@example.com,Refund request,Please refund the duplicate charge on my invoice.,2024-08-12T03:00:00Z
L-01636,user1636@example.com,Refund request,Please refund the duplicate charge on my invoice.,2024-08-13T04:00:00Z
L-01637,user1637@example.com,Thanks,Great job on the latest release.,2024-08-14T05:00:00Z
L-01638,user1638@example.com,Feature idea,It would be great to have a feature for scheduled reports.,2024-08-15T06:00:00Z
L-01639,user1639@example.com,Refund request,Please refund the duplicate charge on my invoice.,2024-08-16T07:00:00Z
L-01640,user1640@example.com,Thanks,Great job on the latest release.,2024-08-17T08:00:00Z
L-01641,user1641@example.com,Thanks,Great job on the latest release.,2024-08-18T09:00:00Z
L-01642,user1642@example.com,Cannot sign in,My password reset link is expired and I am locked out.,2024-08-19T10:00:00Z
L-01643,user1643@example.com,Refund request,Please refund the duplicate charge on my invoice.,2024-08-20T11:00:00Z
L-01644,user1644@example.com,Crash on export,Export fails with an error and the app crashes.,2024-08-21T12:00:00Z
L-01645,user1645@example.com,Crash on export,Export fails with an error and the app crashes.,2024-08-22T13:00:00Z
L-01646,user1646@example.com,Refund request,Please refund the duplicate charge on my invoice.,2024-08-23T14:00:00Z
L-01647,user1647@example.com,Feature idea,It would be great to have a feature for scheduled reports.,2024-08-24T15:00:00Z
L-01648,user1648@example.com,Feature idea,It would be great to have a feature for scheduled reports.,2024-08-25T16:00:00Z
L-01649,user1649@example.com,Crash on export,Export fails with an error and the app crashes.,2024-08-26T17:00:00Z
L-01650,user1650@example.com,Cannot sign in,My password reset link is expired and I am locked out.,2024-08-27T18:00:00Z
L-01651,user1651@example.com,Crash on export,Export fails with an error and the app crashes.,2024-08-28T19:00:00Z
L-01652,user1652@example.com,Thanks,Great job on the latest release.,2024-08-01T20:00:00Z
L-01653,user1653@example.com,Crash on export,Export fails with an error and the app crashes.,2024-08-02T21:00:00Z
L-01654,user1654@example.com,Refund request,Please refund the duplicate charge on my invoice.,2024-08-03T22:00:00Z
L-01655,user1655@example.com,Feature idea,It would be great to have a feature for scheduled reports.,2024-08-04T23:00:00Z
L-01656,user1656@example.com,Crash on export,Export fails with an error and the app crashes.,2024-08-05T00:00:00Z
L-01657,user1657@example.com,Cannot sign in,My password reset link is expired and I am locked out.,2024-08-06T01:00:00Z
L-01658,user1658@example.com,Thanks,Great job on the latest release.,2024-08-07T02:00:00Z
L-01659,user1659@example.com,Cannot sign in,My password reset link is expired and I am locked out.,2024-08-08T03:00:00Z
L-01660,user1660@example.com,Cannot sign in,My password reset link is expired and I am locked out.,2024-08-09T04:00:00Z
L-01661,user1661@example.com,Cannot sign in,My password reset link is expired and I am locked out.,2024-08-10T05:00:00Z
L-01662,user1662@example.com,Crash on export,Export fails with an error and the app crashes.,2024-08-11T06:00:00Z
L-01663,user1663@example.com,Crash on export,Export fails with an error and the app crashes.,2024-08-12T07:00:00Z
L-01664,user1664@example.com,Cannot sign in,My password reset link is expired and I am locked out.,2024-08-13T08:00:00Z
L-01665,user1665@example.com,Feature idea,It would be great to have a feature for scheduled reports.,2024-08-14T09:00:00Z
L-01666,user1666@example.com,Crash on export,Export fails with an error and the app crashes.,2024-08-15T10:00:00Z
L-01667,user1667@example.com,Feature idea,It would be great to have a feature for scheduled reports.,2024-08-16T11:00:00Z
L-01668,user1668@example.com,Cannot sign in,My password reset link is expired and I am locked out.,2024-08-17T12:00:00Z
L-01669,user1669@example.com,Refund request,Please refund the duplicate charge on my invoice.,2024-08-18T13:00:00Z
L-01670,user1670@example.com,Crash on export,Export fails with an error and the app crashes.,2024-08-19T14:00:00Z
L-01671,user1671@example.com,Feature idea,It would be great to have a feature for scheduled reports.,2024-08-20T15:00:00Z
L-01672,user1672@example.com,Crash on export,Export fails with an error and the app crashes.,2024-08-21T16:00:00Z
L-01673,user1673@example.com,Cannot sign in,My password reset link is expired and I am locked out.,2024-08-22T17:00:00Z
L-01674,user1674@example.com,Cannot sign in,My password reset link is expired and I am locked out.,2024-08-23T18:00:00Z
L-01675,user1675@example.com,Cannot sign in,My password reset link is expired and I am locked out.,2024-08-24T19:00:00Z
L-01676,user1676@example.com,Crash on export,Export fails with an error and the app crashes.,2024-08-25T20:00:00Z
L-01677,user1677@example.com,Cannot sign in,My password reset link is expired and I am locked out.,2024-08-26T21:00:00Z
L-01678,user1678@example.com,Thanks,Great job on the latest release.,2024-08-27T22:00:00Z
L-01679,broken-email,Cannot sign in,My password reset link is expired and I am locked out.,2024-08-28T23:00:00Z
L-01680,user1680@example.com,Crash on export,Export fails with an error and the app crashes.,2024-08-01T00:00:00Z
L-01681,user1681@example.com,Cannot sign in,My password reset link is expired and I am locked out.,2024-08-02T01:00:00Z
L-01682,user1682@example.com,Crash on export,Export fails with an error and the app crashes.,2024-08-03T02:00:00Z
L-01683,user1683@example.com,Cannot sign in,My password reset link is expired and I am locked out.,2024-08-04T03:00:00Z
L-01684,user1684@example.com,Cannot sign in,My password reset link is expired and I am locked out.,2024-08-05T04:00:00Z
L-01685,user1685@example.com,Crash on export,Export fails with an error and the app crashes.,2024-08-06T05:00:00Z
L-01686,user1686@example.com,Refund request,Please refund the duplicate charge on my invoice.,2024-08-07T06:00:00Z
L-01687,user1687@example.com,Cannot sign in,My password reset link is expired and I am locked out.,2024-08-08T07:00:00Z
L-01688,user1688@example.com,Feature idea,It would be great to have a feature for scheduled reports.,2024-08-09T08:00:00Z
L-01689,user1689@example.com,Thanks,Great job on the latest release.,2024-08-10T09:00:00Z
L-01690,user1690@example.com,Cannot sign in,My password reset link is expired and I am locked out.,2024-08-11T10:00:00Z
L-01691,user1691@example.com,Thanks,Great job on the latest release.,2024-08-12T11:00:00Z
L-01692,user1692@example.com,Cannot sign in,My password reset link is expired and I am locked out.,2024-08-13T12:00:00Z
L-01693,user1693@example.com,Feature idea,It would be great to have a feature for scheduled reports.,2024-08-14T13:00:00Z
L-01694,user1694@example.com,Feature idea,It would be great to have a feature for scheduled reports.,2024-08-15T14:00:00Z
L-01695,user1695@example.com,Cannot sign in,My password reset link is expired and I am locked out.,2024-08-16T15:00:00Z
L-01696,user1696@example.com,Refund request,Please refund the duplicate charge on my invoice.,2024-08-17T16:00:00Z
L-01697,user1697@example.com,Refund request,Please refund the duplicate charge on my invoice.,2024-08-18T17:00:00Z
L-01698,user1698@example.com,Crash on export,Export fails with an error and the app crashes.,2024-08-19T18:00:00Z
L-01699,user1699@example.com,Thanks,Great job on the latest release.,2024-08-20T19:00:00Z
L-01700,user1700@example.com,Cannot sign in,My password reset link is expired and I am locked out.,2024-08-21T20:00:00Z
L-01701,broken-email,Thanks,Great job on the latest release.,2024-08-22T21:00:00Z
L-01702,user1702@example.com,Feature idea,It would be great to have a feature for scheduled reports.,2024-08-23T22:00:00Z
L-01703,user1703@example.com,Thanks,Great job on the latest release.,2024-08-24T23:00:00Z
L-01704,user1704@example.com,Feature idea,It would be great to have a feature for scheduled reports.,2024-08-25T00:00:00Z
L-01705,user1705@example.com,Feature idea,It would be great to have a feature for scheduled reports.,2024-08-26T01:00:00Z
L-01706,user1706@example.com,Feature idea,It would be great to have a feature for scheduled reports.,2024-08-27T02:00:00Z
L-01707,user1707@example.com,Crash on export,Export fails with an error and the app crashes.,2024-08-28T03:00:00Z
L-01708,user1708@example.com,Feature idea,It would be great to have a feature for scheduled reports.,2024-08-01T04:00:00Z
L-01709,user1709@example.com,Cannot sign in,My password reset link is expired and I am locked out.,2024-08-02T05:00:00Z
L-01710,user1710@example.com,Refund request,Please refund the duplicate charge on my invoice.,2024-08-03T06:00:00Z
L-01711,user1711@example.com,Cannot sign in,My password reset link is expired and I am locked out.,2024-08-04T07:00:00Z
L-01712,user1712@example.com,Cannot sign in,My password reset link is expired and I am locked out.,2024-08-05T08:00:00Z
L-01713,user1713@example.com,Thanks,Great job on the latest release.,2024-08-06T09:00:00Z
L-01714,user1714@example.com,Crash on export,Export fails with an error and the app crashes.,2024-08-07T10:00:00Z
L-01715,user1715@example.com,Thanks,Great job on the latest release.,2024-08-08T11:00:00Z
L-01716,user1716@example.com,Cannot sign in,My password reset link is expired and I am locked out.,2024-08-09T12:00:00Z
L-01717,user1717@example.com,Thanks,Great job on the latest release.,2024-08-10T13:00:00Z
L-01718,user1718@example.com,Thanks,Great job on the latest release.,2024-08-11T14:00:00Z
L-01719,user1719@example.com,Cannot sign in,My password reset link is expired and I am locked out.,2024-08-12T15:00:00Z
L-01720,user1720@example.com,Cannot sign in,My password reset link is expired and I am locked out.,2024-08-13T16:00:00Z
L-01721,user1721@example.com,Cannot sign in,My password reset link is expired and I am locked out.,2024-08-14T17:00:00Z
L-01722,user1722@example.com,Cannot sign in,My password reset link is expired and I am locked out.,2024-08-15T18:00:00Z
L-01723,user1723@example.com,Feature idea,It would be great to have a feature for scheduled reports.,2024-08-16T19:00:00Z
L-01724,user1724@example.com,Feature idea,It would be great to have a feature for scheduled reports.,2024-08-17T20:00:00Z
L-01725,user1725@example.com,Feature idea,It would be great to have a feature for scheduled reports.,2024-08-18T21:00:00Z
L-01726,user1726@example.com,Thanks,Great job on the latest release.,2024-08-19T22:00:00Z
L-01727,user1727@example.com,Cannot sign in,My password reset link is expired and I am locked out.,2024-08-20T23:00:00Z
L-01728,user1728@example.com,Cannot sign in,My password reset link is expired and I am locked out.,2024-08-21T00:00:00Z
L-01729,user1729@example.com,Refund request,Please refund the duplicate charge on my invoice.,2024-08-22T01:00:00Z
L-01730,user1730@example.com,Cannot sign in,My password reset link is expired and I am locked out.,2024-08-23T02:00:00Z
L-01731,user1731@example.com,Refund request,Please refund the duplicate charge on my invoice.,2024-08-24T03:00:00Z
L-01732,user1732@example.com,Thanks,Great job on the latest release.,2024-08-25T04:00:00Z
L-01733,user1733@example.com,Feature idea,It would be great to have a feature for scheduled reports.,2024-08-26T05:00:00Z
L-01734,user1734@example.com,Crash on export,Export fails with an error and the app crashes.,2024-08-27T06:00:00Z
L-01735,user1735@example.com,Refund request,Please refund the duplicate charge on my invoice.,2024-08-28T07:00:00Z
L-01736,broken-email,Feature idea,It would be great to have a feature for scheduled reports.,2024-08-01T08:00:00Z
L-01737,user1737@example.com,Cannot sign in,My password reset link is expired and I am locked out.,2024-08-02T09:00:00Z
L-01738,user1738@example.com,Thanks,Great job on the latest release.,2024-08-03T10:00:00Z
L-01739,user1739@example.com,Feature idea,It would be great to have a feature for scheduled reports.,2024-08-04T11:00:00Z
L-01740,user1740@example.com,Crash on export,Export fails with an error and the app crashes.,2024-08-05T12:00:00Z
L-01741,user1741@example.com,Feature idea,It would be great to have a feature for scheduled reports.,2024-08-06T13:00:00Z
L-01742,user1742@example.com,Thanks,Great job on the latest release.,2024-08-07T14:00:00Z
L-01743,user1743@example.com,Refund request,Please refund the duplicate charge on my invoice.,2024-08-08T15:00:00Z
L-01744,user1744@example.com,Feature idea,It would be great to have a feature for scheduled reports.,2024-08-09T16:00:00Z
L-01745,user1745@example.com,Refund request,Please refund the duplicate charge on my invoice.,2024-08-10T17:00:00Z
L-01746,user1746@example.com,Cannot sign in,My password reset link is expired and I am locked out.,2024-08-11T18:00:00Z
L-01747,user1747@example.com,Thanks,Great job on the latest release.,2024-08-12T19:00:00Z
L-01748,user1748@example.com,Crash on export,Export fails with an error and the app crashes.,2024-08-13T20:00:00Z
L-01749,user1749@example.com,Refund request,Please refund the duplicate charge on my invoice.,2024-08-14T21:00:00Z
L-01750,user1750@example.com,Feature idea,It would be great to have a feature for scheduled reports.,2024-08-15T22:00:00Z
L-01751,user1751@example.com,Crash on export,Export fails with an error and the app crashes.,2024-08-16T23:00:00Z
L-01752,user1752@example.com,Crash on export,Export fails with an error and the app crashes.,2024-08-17T00:00:00Z
L-01753,user1753@example.com,Feature idea,It would be great to have a feature for scheduled reports.,2024-08-18T01:00:00Z
L-01754,user1754@example.com,Feature idea,It would be great to have a feature for scheduled reports.,2024-08-19T02:00:00Z
L-01755,user1755@example.com,Crash on export,Export fails with an error and the app crashes.,2024-08-20T03:00:00Z
L-01756,user1756@example.com,Refund request,Please refund the duplicate charge on my invoice.,2024-08-21T04:00:00Z
L-01757,user1757@example.com,Cannot sign in,My password reset link is expired and I am locked out.,2024-08-22T05:00:00Z
L-01758,user1758@example.com,Crash on export,Export fails with an error and the app crashes.,2024-08-23T06:00:00Z
L-01759,user1759@example.com,Feature idea,It would be great to have a feature for scheduled reports.,2024-08-24T07:00:00Z
L-01760,user1760@example.com,Cannot sign in,My password reset link is expired and I am locked out.,2024-08-25T08:00:00Z
L-01761,user1761@example.com,Refund request,Please refund the duplicate charge on my invoice.,2024-08-26T09:00:00Z
L-01762,user1762@example.com,Cannot sign in,My password reset link is expired and I am locked out.,2024-08-27T10:00:00Z
L-01763,user1763@example.com,Crash on export,Export fails with an error and the app crashes.,2024-08-28T11:00:00Z
L-01764,user1764@example.com,Feature idea,It would be great to have a feature for scheduled reports.,2024-08-01T12:00:00Z
L-01765,user1765@example.com,Thanks,Great job on the latest release.,2024-08-02T13:00:00Z
L-01766,user1766@example.com,Refund request,Please refund the duplicate charge on my invoice.,2024-08-03T14:00:00Z
L-01767,user1767@example.com,Cannot sign in,My password reset link is expired and I am locked out.,2024-08-04T15:00:00Z
L-01768,user1768@example.com,Crash on export,Export fails with an error and the app crashes.,2024-08-05T16:00:00Z
L-01769,user1769@example.com,Crash on export,Export fails with an error and the app crashes.,2024-08-06T17:00:00Z
L-01770,user1770@example.com,Thanks,Great job on the latest release.,2024-08-07T18:00:00Z
L-01771,user1771@example.com,Thanks,Great job on the latest release.,2024-08-08T19:00:00Z
L-01772,user1772@example.com,Refund request,Please refund the duplicate charge on my invoice.,2024-08-09T20:00:00Z
L-01773,user1773@example.com,Feature idea,It would be great to have a feature for scheduled reports.,2024-08-10T21:00:00Z
L-01774,user1774@example.com,Refund request,Please refund the duplicate charge on my invoice.,2024-08-11T22:00:00Z
L-01775,user1775@example.com,Thanks,Great job on the latest release.,2024-08-12T23:00:00Z
L-01776,user1776@example.com,Crash on export,Export fails with an error and the app crashes.,2024-08-13T00:00:00Z
L-01777,user1777@example.com,Feature idea,It would be great to have a feature for scheduled reports.,2024-08-14T01:00:00Z
L-01778,user1778@example.com,Crash on export,Export fails with an error and the app crashes.,2024-08-15T02:00:00Z
L-01779,user1779@example.com,Refund request,Please refund the duplicate charge on my invoice.,2024-08-16T03:00:00Z
L-01780,user1780@example.com,Thanks,Great job on the latest release.,2024-08-17T04:00:00Z
L-01781,user1781@example.com,Cannot sign in,My password reset link is expired and I am locked out.,2024-08-18T05:00:00Z
L-01782,user1782@example.com,Thanks,Great job on the latest release.,2024-08-19T06:00:00Z
L-01783,user1783@example.com,Feature idea,It would be great to have a feature for scheduled reports.,2024-08-20T07:00:00Z
L-01784,user1784@example.com,Cannot sign in,My password reset link is expired and I am locked out.,2024-08-21T08:00:00Z
L-01785,user1785@example.com,Crash on export,Export fails with an error and the app crashes.,2024-08-22T09:00:00Z
L-01786,user1786@example.com,Cannot sign in,My password reset link is expired and I am locked out.,2024-08-23T10:00:00Z
L-01787,user1787@example.com,Cannot sign in,My password reset link is expired and I am locked out.,2024-08-24T11:00:00Z
L-01788,user1788@example.com,Crash on export,Export fails with an error and the app crashes.,2024-08-25T12:00:00Z
L-01789,user1789@example.com,Crash on export,Export fails with an error and the app crashes.,2024-08-26T13:00:00Z
L-01790,user1790@example.com,Refund request,Please refund the duplicate charge on my invoice.,2024-08-27T14:00:00Z
L-01791,user1791@example.com,Cannot sign in,My password reset link is expired and I am locked out.,2024-08-28T15:00:00Z
L-01792,user1792@example.com,Cannot sign in,My password reset link is expired and I am locked out.,2024-08-01T16:00:00Z
L-01793,user1793@example.com,Refund request,Please refund the duplicate charge on my invoice.,2024-08-02T17:00:00Z
L-01794,user1794@example.com,Feature idea,It would be great to have a feature for scheduled reports.,2024-08-03T18:00:00Z
L-01795,user1795@example.com,Crash on export,Export fails with an error and the app crashes.,2024-08-04T19:00:00Z
L-01796,user1796@example.com,Feature idea,It would be great to have a feature for scheduled reports.,2024-08-05T20:00:00Z
L-01797,user1797@example.com,Refund request,Please refund the duplicate charge on my invoice.,2024-08-06T21:00:00Z
L-01798,user1798@example.com,Feature idea,It would be great to have a feature for scheduled reports.,2024-08-07T22:00:00Z
L-01799,user1799@example.com,Cannot sign in,My password reset link is expired and I am locked out.,2024-08-08T23:00:00Z
L-01800,user1800@example.com,Cannot sign in,My password reset link is expired and I am locked out.,2024-08-09T00:00:00Z
L-01801,user1801@example.com,Cannot sign in,My password reset link is expired and I am locked out.,2024-08-10T01:00:00Z
L-01802,user1802@example.com,Cannot sign in,My password reset link is expired and I am locked out.,2024-08-11T02:00:00Z
L-01803,user1803@example.com,Cannot sign in,My password reset link is expired and I am locked out.,2024-08-12T03:00:00Z
L-01804,user1804@example.com,Crash on export,Export fails with an error and the app crashes.,2024-08-13T04:00:00Z
L-01805,user1805@example.com,Cannot sign in,My password reset link is expired and I am locked out.,2024-08-14T05:00:00Z
L-01806,user1806@example.com,Refund request,Please refund the duplicate charge on my invoice.,2024-08-15T06:00:00Z
L-01807,user1807@example.com,Refund request,Please refund the duplicate charge on my invoice.,2024-08-16T07:00:00Z
L-01808,user1808@example.com,Crash on export,Export fails with an error and the app crashes.,2024-08-17T08:00:00Z
L-01809,user1809@example.com,Cannot sign in,My password reset link is expired and I am locked out.,2024-08-18T09:00:00Z
L-01810,user1810@example.com,Cannot sign in,My password reset link is expired and I am locked out.,2024-08-19T10:00:00Z
L-01811,user1811@example.com,Thanks,Great job on the latest release.,2024-08-20T11:00:00Z
L-01812,user1812@example.com,Feature idea,It would be great to have a feature for scheduled reports.,2024-08-21T12:00:00Z
L-01813,user1813@example.com,Feature idea,It would be great to have a feature for scheduled reports.,2024-08-22T13:00:00Z
L-01814,user1814@example.com,Cannot sign in,My password reset link is expired and I am locked out.,2024-08-23T14:00:00Z
L-01815,user1815@example.com,Feature idea,It would be great to have a feature for scheduled reports.,2024-08-24T15:00:00Z
L-01816,user1816@example.com,Feature idea,It would be great to have a feature for scheduled reports.,2024-08-25T16:00:00Z
L-01817,user1817@example.com,Cannot sign in,My password reset link is expired and I am locked out.,2024-08-26T17:00:00Z
L-01818,user1818@example.com,Refund request,Please refund the duplicate charge on my invoice.,2024-08-27T18:00:00Z
L-01819,user1819@example.com,Crash on export,Export fails with an error and the app crashes.,2024-08-28T19:00:00Z
L-01820,user1820@example.com,Cannot sign in,My password reset link is expired and I am locked out.,2024-08-01T20:00:00Z
L-01821,user1821@example.com,Feature idea,It would be great to have a feature for scheduled reports.,2024-08-02T21:00:00Z
L-01822,user1822@example.com,Feature idea,It would be great to have a feature for scheduled reports.,2024-08-03T22:00:00Z
L-01823,user1823@example.com,Thanks,Great job on the latest release.,2024-08-04T23:00:00Z
L-01824,user1824@example.com,Crash on export,Export fails with an error and the app crashes.,2024-08-05T00:00:00Z
L-01825,user1825@example.com,Feature idea,It would be great to have a feature for scheduled reports.,2024-08-06T01:00:00Z
L-01826,user1826@example.com,Crash on export,Export fails with an error and the app crashes.,2024-08-07T02:00:00Z
L-01827,user1827@example.com,Refund request,Please refund the duplicate charge on my invoice.,2024-08-08T03:00:00Z
L-01828,user1828@example.com,Cannot sign in,My password reset link is expired and I am locked out.,2024-08-09T04:00:00Z
L-01829,user1829@example.com,Crash on export,Export fails with an error and the app crashes.,2024-08-10T05:00:00Z
L-01830,user1830@example.com,Feature idea,It would be great to have a feature for scheduled reports.,2024-08-11T06:00:00Z
L-01831,user1831@example.com,Crash on export,Export fails with an error and the app crashes.,2024-08-12T07:00:00Z
L-01832,user1832@example.com,Crash on export,Export fails with an error and the app crashes.,2024-08-13T08:00:00Z
L-01833,user1833@example.com,Crash on export,Export fails with an error and the app crashes.,2024-08-14T09:00:00Z
L-01834,broken-email,Thanks,Great job on the latest release.,2024-08-15T10:00:00Z
L-01835,user1835@example.com,Cannot sign in,My password reset link is expired and I am locked out.,2024-08-16T11:00:00Z
L-01836,user1836@example.com,Crash on export,Export fails with an error and the app crashes.,2024-08-17T12:00:00Z
L-01837,user1837@example.com,Cannot sign in,My password reset link is expired and I am locked out.,2024-08-18T13:00:00Z
L-01838,user1838@example.com,Crash on export,Export fails with an error and the app crashes.,2024-08-19T14:00:00Z
L-01839,user1839@example.com,Crash on export,Export fails with an error and the app crashes.,2024-08-20T15:00:00Z
L-01840,user1840@example.com,Cannot sign in,My password reset link is expired and I am locked out.,2024-08-21T16:00:00Z
L-01841,user1841@example.com,Crash on export,Export fails with an error and the app crashes.,2024-08-22T17:00:00Z
L-01842,user1842@example.com,Crash on export,Export fails with an error and the app crashes.,2024-08-23T18:00:00Z
L-01843,user1843@example.com,Crash on export,Export fails with an error and the app crashes.,2024-08-24T19:00:00Z
L-01844,user1844@example.com,Crash on export,Export fails with an error and the app crashes.,2024-08-25T20:00:00Z
L-01845,user1845@example.com,Thanks,Great job on the latest release.,2024-08-26T21:00:00Z
L-01846,user1846@example.com,Crash on export,Export fails with an error and the app crashes.,2024-08-27T22:00:00Z
L-01847,user1847@example.com,Feature idea,It would be great to have a feature for scheduled reports.,2024-08-28T23:00:00Z
L-01848,user1848@example.com,Refund request,Please refund the duplicate charge on my invoice.,2024-08-01T00:00:00Z
L-01849,user1849@example.com,Crash on export,Export fails with an error and the app crashes.,2024-08-02T01:00:00Z
L-01850,user1850@example.com,Thanks,Great job on the latest release.,2024-08-03T02:00:00Z
L-01851,user1851@example.com,Crash on export,Export fails with an error and the app crashes.,2024-08-04T03:00:00Z
L-01852,user1852@example.com,Refund request,Please refund the duplicate charge on my invoice.,2024-08-05T04:00:00Z
L-01853,user1853@example.com,Thanks,Great job on the latest release.,2024-08-06T05:00:00Z
L-01854,user1854@example.com,Refund request,Please refund the duplicate charge on my invoice.,2024-08-07T06:00:00Z
L-01855,user1855@example.com,Cannot sign in,My password reset link is expired and I am locked out.,2024-08-08T07:00:00Z
L-01856,user1856@example.com,Thanks,Great job on the latest release.,2024-08-09T08:00:00Z
L-01857,user1857@example.com,Thanks,Great job on the latest release.,2024-08-10T09:00:00Z
L-01858,user1858@example.com,Thanks,Great job on the latest release.,2024-08-11T10:00:00Z
L-01859,user1859@example.com,Crash on export,Export fails with an error and the app crashes.,2024-08-12T11:00:00Z
L-01860,user1860@example.com,Refund request,Please refund the duplicate charge on my invoice.,2024-08-13T12:00:00Z
L-01861,user1861@example.com,Feature idea,It would be great to have a feature for scheduled reports.,2024-08-14T13:00:00Z
L-01862,user1862@example.com,Cannot sign in,My password reset link is expired and I am locked out.,2024-08-15T14:00:00Z
L-01863,user1863@example.com,Thanks,Great job on the latest release.,2024-08-16T15:00:00Z
L-01864,user1864@example.com,Cannot sign in,My password reset link is expired and I am locked out.,2024-08-17T16:00:00Z
L-01865,user1865@example.com,Crash on export,Export fails with an error and the app crashes.,2024-08-18T17:00:00Z
L-01866,user1866@example.com,Refund request,Please refund the duplicate charge on my invoice.,2024-08-19T18:00:00Z
L-01867,user1867@example.com,Thanks,Great job on the latest release.,2024-08-20T19:00:00Z
L-01868,user1868@example.com,Feature idea,It would be great to have a feature for scheduled reports.,2024-08-21T20:00:00Z
L-01869,user1869@example.com,Cannot sign in,My password reset link is expired and I am locked out.,2024-08-22T21:00:00Z
L-01870,user1870@example.com,Crash on export,Export fails with an error and the app crashes.,2024-08-23T22:00:00Z
L-01871,user1871@example.com,Thanks,Great job on the latest release.,2024-08-24T23:00:00Z
L-01872,user1872@example.com,Crash on export,Export fails with an error and the app crashes.,2024-08-25T00:00:00Z
L-01873,user1873@example.com,Crash on export,Export fails with an error and the app crashes.,2024-08-26T01:00:00Z
L-01874,user1874@example.com,Refund request,Please refund the duplicate charge on my invoice.,2024-08-27T02:00:00Z
L-01875,user1875@example.com,Feature idea,It would be great to have a feature for scheduled reports.,2024-08-28T03:00:00Z
L-01876,user1876@example.com,Cannot sign in,My password reset link is expired and I am locked out.,2024-08-01T04:00:00Z
L-01877,user1877@example.com,Refund request,Please refund the duplicate charge on my invoice.,2024-08-02T05:00:00Z
L-01878,user1878@example.com,Refund request,Please refund the duplicate charge on my invoice.,2024-08-03T06:00:00Z
L-01879,user1879@example.com,Cannot sign in,My password reset link is expired and I am locked out.,2024-08-04T07:00:00Z
L-01880,broken-email,Feature idea,It would be great to have a feature for scheduled reports.,2024-08-05T08:00:00Z
L-01881,user1881@example.com,Feature idea,It would be great to have a feature for scheduled reports.,2024-08-06T09:00:00Z
L-01882,user1882@example.com,Crash on export,Export fails with an error and the app crashes.,2024-08-07T10:00:00Z
L-01883,user1883@example.com,Crash on export,Export fails with an error and the app crashes.,2024-08-08T11:00:00Z
L-01884,user1884@example.com,Feature idea,It would be great to have a feature for scheduled reports.,2024-08-09T12:00:00Z
L-01885,user1885@example.com,Refund request,Please refund the duplicate charge on my invoice.,2024-08-10T13:00:00Z
L-01886,user1886@example.com,Feature idea,It would be great to have a feature for scheduled reports.,2024-08-11T14:00:00Z
L-01887,broken-email,Feature idea,It would be great to have a feature for scheduled reports.,2024-08-12T15:00:00Z
L-01888,user1888@example.com,Thanks,Great job on the latest release.,2024-08-13T16:00:00Z
L-01889,user1889@example.com,Feature idea,It would be great to have a feature for scheduled reports.,2024-08-14T17:00:00Z
L-01890,user1890@example.com,Thanks,Great job on the latest release.,2024-08-15T18:00:00Z
L-01891,user1891@example.com,Thanks,Great job on the latest release.,2024-08-16T19:00:00Z
L-01892,user1892@example.com,Crash on export,Export fails with an error and the app crashes.,2024-08-17T20:00:00Z
L-01893,user1893@example.com,Cannot sign in,My password reset link is expired and I am locked out.,2024-08-18T21:00:00Z
L-01894,user1894@example.com,Crash on export,Export fails with an error and the app crashes.,2024-08-19T22:00:00Z
L-01895,user1895@example.com,Crash on export,Export fails with an error and the app crashes.,2024-08-20T23:00:00Z
L-01896,user1896@example.com,Crash on export,Export fails with an error and the app crashes.,2024-08-21T00:00:00Z
L-01897,user1897@example.com,Thanks,Great job on the latest release.,2024-08-22T01:00:00Z
L-01898,user1898@example.com,Refund request,Please refund the duplicate charge on my invoice.,2024-08-23T02:00:00Z
L-01899,user1899@example.com,Refund request,Please refund the duplicate charge on my invoice.,2024-08-24T03:00:00Z
L-01900,user1900@example.com,Feature idea,It would be great to have a feature for scheduled reports.,2024-08-25T04:00:00Z
L-01901,user1901@example.com,Cannot sign in,My password reset link is expired and I am locked out.,2024-08-26T05:00:00Z
L-01902,user1902@example.com,Thanks,Great job on the latest release.,2024-08-27T06:00:00Z
L-01903,user1903@example.com,Feature idea,It would be great to have a feature for scheduled reports.,2024-08-28T07:00:00Z
L-01904,user1904@example.com,Crash on export,Export fails with an error and the app crashes.,2024-08-01T08:00:00Z
L-01905,user1905@example.com,Thanks,Great job on the latest release.,2024-08-02T09:00:00Z
L-01906,user1906@example.com,Cannot sign in,My password reset link is expired and I am locked out.,2024-08-03T10:00:00Z
L-01907,user1907@example.com,Cannot sign in,My password reset link is expired and I am locked out.,2024-08-04T11:00:00Z
L-01908,user1908@example.com,Thanks,Great job on the latest release.,2024-08-05T12:00:00Z
L-01909,user1909@example.com,Thanks,Great job on the latest release.,2024-08-06T13:00:00Z
L-01910,user1910@example.com,Crash on export,Export fails with an error and the app crashes.,2024-08-07T14:00:00Z
L-01911,user1911@example.com,Thanks,Great job on the latest release.,2024-08-08T15:00:00Z
L-01912,user1912@example.com,Refund request,Please refund the duplicate charge on my invoice.,2024-08-09T16:00:00Z
L-01913,user1913@example.com,Refund request,Please refund the duplicate charge on my invoice.,2024-08-10T17:00:00Z
L-01914,user1914@example.com,Crash on export,Export fails with an error and the app crashes.,2024-08-11T18:00:00Z
L-01915,user1915@example.com,Refund request,Please refund the duplicate charge on my invoice.,2024-08-12T19:00:00Z
L-01916,user1916@example.com,Crash on export,Export fails with an error and the app crashes.,2024-08-13T20:00:00Z
L-01917,user1917@example.com,Refund request,Please refund the duplicate charge on my invoice.,2024-08-14T21:00:00Z
L-01918,user1918@example.com,Crash on export,Export fails with an error and the app crashes.,2024-08-15T22:00:00Z
L-01919,user1919@example.com,Cannot sign in,My password reset link is expired and I am locked out.,2024-08-16T23:00:00Z
L-01920,user1920@example.com,Crash on export,Export fails with an error and the app crashes.,2024-08-17T00:00:00Z
L-01921,user1921@example.com,Feature idea,It would be great to have a feature for scheduled reports.,2024-08-18T01:00:00Z
L-01922,user1922@example.com,Refund request,Please refund the duplicate charge on my invoice.,2024-08-19T02:00:00Z
L-01923,broken-email,Cannot sign in,My password reset link is expired and I am locked out.,2024-08-20T03:00:00Z
L-01924,user1924@example.com,Crash on export,Export fails with an error and the app crashes.,2024-08-21T04:00:00Z
L-01925,user1925@example.com,Cannot sign in,My password reset link is expired and I am locked out.,2024-08-22T05:00:00Z
L-01926,user1926@example.com,Refund request,Please refund the duplicate charge on my invoice.,2024-08-23T06:00:00Z
L-01927,user1927@example.com,Feature idea,It would be great to have a feature for scheduled reports.,2024-08-24T07:00:00Z
L-01928,user1928@example.com,Crash on export,Export fails with an error and the app crashes.,2024-08-25T08:00:00Z
L-01929,user1929@example.com,Crash on export,Export fails with an error and the app crashes.,2024-08-26T09:00:00Z
L-01930,user1930@example.com,Cannot sign in,My password reset link is expired and I am locked out.,2024-08-27T10:00:00Z
L-01931,user1931@example.com,Refund request,Please refund the duplicate charge on my invoice.,2024-08-28T11:00:00Z
L-01932,user1932@example.com,Refund request,Please refund the duplicate charge on my invoice.,2024-08-01T12:00:00Z
L-01933,user1933@example.com,Thanks,Great job on the latest release.,2024-08-02T13:00:00Z
L-01934,user1934@example.com,Refund request,Please refund the duplicate charge on my invoice.,2024-08-03T14:00:00Z
L-01935,user1935@example.com,Thanks,Great job on the latest release.,2024-08-04T15:00:00Z
L-01936,user1936@example.com,Cannot sign in,My password reset link is expired and I am locked out.,2024-08-05T16:00:00Z
L-01937,user1937@example.com,Crash on export,Export fails with an error and the app crashes.,2024-08-06T17:00:00Z
L-01938,user1938@example.com,Refund request,Please refund the duplicate charge on my invoice.,2024-08-07T18:00:00Z
L-01939,user1939@example.com,Feature idea,It would be great to have a feature for scheduled reports.,2024-08-08T19:00:00Z
L-01940,user1940@example.com,Feature idea,It would be great to have a feature for scheduled reports.,2024-08-09T20:00:00Z
L-01941,user1941@example.com,Refund request,Please refund the duplicate charge on my invoice.,2024-08-10T21:00:00Z
L-01942,user1942@example.com,Feature idea,It would be great to have a feature for scheduled reports.,2024-08-11T22:00:00Z
L-01943,user1943@example.com,Crash on export,Export fails with an error and the app crashes.,2024-08-12T23:00:00Z
L-01944,user1944@example.com,Feature idea,It would be great to have a feature for scheduled reports.,2024-08-13T00:00:00Z
L-01945,broken-email,Refund request,Please refund the duplicate charge on my invoice.,2024-08-14T01:00:00Z
L-01946,user1946@example.com,Crash on export,Export fails with an error and the app crashes.,2024-08-15T02:00:00Z
L-01947,user1947@example.com,Feature idea,It would be great to have a feature for scheduled reports.,2024-08-16T03:00:00Z
L-01948,user1948@example.com,Crash on export,Export fails with an error and the app crashes.,2024-08-17T04:00:00Z
L-01949,user1949@example.com,Cannot sign in,My password reset link is expired and I am locked out.,2024-08-18T05:00:00Z
L-01950,user1950@example.com,Thanks,Great job on the latest release.,2024-08-19T06:00:00Z
L-01951,user1951@example.com,Crash on export,Export fails with an error and the app crashes.,2024-08-20T07:00:00Z
L-01952,user1952@example.com,Thanks,Great job on the latest release.,2024-08-21T08:00:00Z
L-01953,user1953@example.com,Crash on export,Export fails with an error and the app crashes.,2024-08-22T09:00:00Z
L-01954,user1954@example.com,Thanks,Great job on the latest release.,2024-08-23T10:00:00Z
L-01955,user1955@example.com,Cannot sign in,My password reset link is expired and I am locked out.,2024-08-24T11:00:00Z
L-01956,user1956@example.com,Crash on export,Export fails with an error and the app crashes.,2024-08-25T12:00:00Z
L-01957,user1957@example.com,Refund request,Please refund the duplicate charge on my invoice.,2024-08-26T13:00:00Z
L-01958,user1958@example.com,Refund request,Please refund the duplicate charge on my invoice.,2024-08-27T14:00:00Z
L-01959,user1959@example.com,Cannot sign in,My password reset link is expired and I am locked out.,2024-08-28T15:00:00Z
L-01960,user1960@example.com,Crash on export,Export fails with an error and the app crashes.,2024-08-01T16:00:00Z
L-01961,user1961@example.com,Refund request,Please refund the duplicate charge on my invoice.,2024-08-02T17:00:00Z
L-01962,user1962@example.com,Feature idea,It would be great to have a feature for scheduled reports.,2024-08-03T18:00:00Z
L-01963,user1963@example.com,Feature idea,It would be great to have a feature for scheduled reports.,2024-08-04T19:00:00Z
L-01964,user1964@example.com,Cannot sign in,My password reset link is expired and I am locked out.,2024-08-05T20:00:00Z
L-01965,user1965@example.com,Feature idea,It would be great to have a feature for scheduled reports.,2024-08-06T21:00:00Z
L-01966,user1966@example.com,Cannot sign in,My password reset link is expired and I am locked out.,2024-08-07T22:00:00Z
L-01967,user1967@example.com,Cannot sign in,My password reset link is expired and I am locked out.,2024-08-08T23:00:00Z
L-01968,user1968@example.com,Feature idea,It would be great to have a feature for scheduled reports.,2024-08-09T00:00:00Z
L-01969,broken-email,Cannot sign in,My password reset link is expired and I am locked out.,2024-08-10T01:00:00Z
L-01970,user1970@example.com,Crash on export,Export fails with an error and the app crashes.,2024-08-11T02:00:00Z
L-01971,user1971@example.com,Refund request,Please refund the duplicate charge on my invoice.,2024-08-12T03:00:00Z
L-01972,user1972@example.com,Refund request,Please refund the duplicate charge on my invoice.,2024-08-13T04:00:00Z
L-01973,broken-email,Feature idea,It would be great to have a feature for scheduled reports.,2024-08-14T05:00:00Z
L-01974,user1974@example.com,Crash on export,Export fails with an error and the app crashes.,2024-08-15T06:00:00Z
L-01975,user1975@example.com,Feature idea,It would be great to have a feature for scheduled reports.,2024-08-16T07:00:00Z
L-01976,user1976@example.com,Thanks,Great job on the latest release.,2024-08-17T08:00:00Z
L-01977,user1977@example.com,Crash on export,Export fails with an error and the app crashes.,2024-08-18T09:00:00Z
L-01978,user1978@example.com,Thanks,Great job on the latest release.,2024-08-19T10:00:00Z
L-01979,user1979@example.com,Crash on export,Export fails with an error and the app crashes.,2024-08-20T11:00:00Z
L-01980,user1980@example.com,Cannot sign in,My password reset link is expired and I am locked out.,2024-08-21T12:00:00Z
L-01981,user1981@example.com,Refund request,Please refund the duplicate charge on my invoice.,2024-08-22T13:00:00Z
L-01982,user1982@example.com,Thanks,Great job on the latest release.,2024-08-23T14:00:00Z
L-01983,user1983@example.com,Cannot sign in,My password reset link is expired and I am locked out.,2024-08-24T15:00:00Z
L-01984,user1984@example.com,Thanks,Great job on the latest release.,2024-08-25T16:00:00Z
L-01985,user1985@example.com,Refund request,Please refund the duplicate charge on my invoice.,2024-08-26T17:00:00Z
L-01986,user1986@example.com,Cannot sign in,My password reset link is expired and I am locked out.,2024-08-27T18:00:00Z
L-01987,user1987@example.com,Crash on export,Export fails with an error and the app crashes.,2024-08-28T19:00:00Z
L-01988,user1988@example.com,Refund request,Please refund the duplicate charge on my invoice.,2024-08-01T20:00:00Z
L-01989,user1989@example.com,Crash on export,Export fails with an error and the app crashes.,2024-08-02T21:00:00Z
L-01990,user1990@example.com,Feature idea,It would be great to have a feature for scheduled reports.,2024-08-03T22:00:00Z
L-01991,user1991@example.com,Feature idea,It would be great to have a feature for scheduled reports.,2024-08-04T23:00:00Z
L-01992,user1992@example.com,Refund request,Please refund the duplicate charge on my invoice.,2024-08-05T00:00:00Z
L-01993,user1993@example.com,Cannot sign in,My password reset link is expired and I am locked out.,2024-08-06T01:00:00Z
L-01994,user1994@example.com,Cannot sign in,My password reset link is expired and I am locked out.,2024-08-07T02:00:00Z
L-01995,user1995@example.com,Feature idea,It would be great to have a feature for scheduled reports.,2024-08-08T03:00:00Z
L-01996,user1996@example.com,Thanks,Great job on the latest release.,2024-08-09T04:00:00Z
L-01997,user1997@example.com,Crash on export,Export fails with an error and the app crashes.,2024-08-10T05:00:00Z
L-01998,user1998@example.com,Cannot sign in,My password reset link is expired and I am locked out.,2024-08-11T06:00:00Z
L-01999,user1999@example.com,Feature idea,It would be great to have a feature for scheduled reports.,2024-08-12T07:00:00Z
